Textbox4,,,,,,,,,,,,,,,,,,,
"
MP WISE DETAILS OF PENDING (GOI)  RELEASE AS ON 21/08/2022
",,,,,,,,,,,,,,,,,,,
,,,,,,,,,,,,,,,,,,,
State,House,Sno,MPName,Constituency,District,TotalEntitlementAmount_crore,TotalGOIRelease_crore,ReleasePendingAmount_crore,UnSanctionBalance_crore,UnspentBalance_crore,LastInstNumber1,LastInstYear,LastReleaseDate,LastRelAmount_crore,PendingInstallmentNumberAndYear,ReasonsforNotRel,ls_start_year,ls_end_year,lok_sabha
A & N Islands,7,1,Shri Bishnu Pada Ray,ANDAMAN & NICOBAR ISLANDS,ANDAMANS,25,25,0,1.22,2.5,2,2018-2019,29-01-2019,2.5,,,2014,2019,16
Andhra Pradesh,7,2,Dr. Vara Prasadarao Velagapalli,TIRUPATI(SC),NELLORE,22.5,22.5,0,0.3,6.28,1,2018-2019,17-09-2018,2.5,,,2014,2019,16
Andhra Pradesh,7,3,Dr. Ravindra Babu Pandula,AMALAPURAM(SC),EAST GODAVARI,25,22.5,2.5,-1.69,3.3,1,2018-2019,26-09-2019,2.5,2 / 2018-2019,"Audit Certificate Pending, Eligible MPR not Received, Utilisation Certificate Pending.",2014,2019,16
Andhra Pradesh,7,4,Dr. Hari Babu Kambhampati,VISAKHAPATNAM,VISAKHAPATNAM,25,25,0,0.1,2.33,2,2018-2019,11/3/20,2.5,,,2014,2019,16
Andhra Pradesh,7,5,Dr. Naramalli Sivaprasad,CHITTOOR,CHITTOOR,25,25,0,0.34,3.87,2,2018-2019,4/9/19,2.5,,,2014,2019,16
Andhra Pradesh,7,6,Shri Ashok Gajapati Raju Pusapati-Ex,VIZIANAGARAM,VIZIANAGARAM,25,25,0,1.13,2.34,2,2018-2019,8/2/19,2.5,,,2014,2019,16
Andhra Pradesh,7,7,Shri Gokaraju Ganga Raju,NARASAPURAM,WEST GODAVARI,25,17.5,7.5,-4.96,4.58,1,2017-2018,11/3/20,2.5,"1 / 2018-2019,2 / 2018-2019,2 / 2017-2018","Audit Certificate Pending, Eligible MPR not Received, Utilisation Certificate Pending.",2014,2019,16
Andhra Pradesh,7,8,Shri J.C. Divakar Reddy,ANANTAPUR,ANANTAPUR,25,17.5,7.5,-7.32,4.39,2,2016-2017,13-05-2022,2.5,"1 / 2018-2019,2 / 2018-2019,2 / 2017-2018","Audit Certificate Pending, Eligible MPR not Received, Utilisation Certificate Pending.",2014,2019,16
Andhra Pradesh,7,9,Shri Jayadev Galla,GUNTUR,GUNTUR,25,17.5,7.5,-5.49,0.83,1,2017-2018,1/7/19,2.5,"1 / 2018-2019,2 / 2018-2019,2 / 2017-2018","Audit Certificate Pending, Eligible MPR not Received, Utilisation Certificate Pending.",2014,2019,16
Andhra Pradesh,7,10,Shri Narasimham Thota,KAKINADA,EAST GODAVARI,25,20,5,-5.41,3.63,2,2017-2018,7/6/22,2.5,"1 / 2018-2019,2 / 2018-2019","Eligible MPR not Received, Provisional Utilisation Certificate Pending.",2014,2019,16
Andhra Pradesh,7,11,Shri Kristappa Nimmala,HINDUPUR,ANANTAPUR,25,25,0,0.25,7.13,2,2018-2019,21-08-2019,2.5,,,2014,2019,16
Andhra Pradesh,7,12,Shri Murali Mohan Maganti,RAJAHMUNDRY,EAST GODAVARI,25,22.5,2.5,0.37,8.04,2,2017-2018,10/10/19,2.5,2 / 2018-2019,"Audit Certificate Pending, Eligible MPR not Received, Utilisation Certificate Pending.",2014,2019,16
Andhra Pradesh,7,13,Shri Konakalla Narayana Rao,MACHILIPATNAM,KRISHNA,25,20,5,-2.89,4.8,2,2017-2018,30-06-2022,2.5,"1 / 2018-2019,2 / 2018-2019",,2014,2019,16
Andhra Pradesh,7,14,Shri Kinjarapu Ram Mohan Naidu,SRIKAKULAM,SRIKAKULAM,25,22.5,2.5,-2.68,2.12,1,2018-2019,30-05-2019,2.5,2 / 2018-2019,"Audit Certificate Pending, Eligible MPR not Received, Utilisation Certificate Pending.",2014,2019,16
Andhra Pradesh,7,15,Shri Maganti Venkateswara Rao Magantti,ELURU,WEST GODAVARI,27.5,17.5,10,-4.07,2.57,2,2016-2017,11/3/20,2.5,"1 / 2017-2018,1 / 2018-2019,2 / 2018-2019,2 / 2017-2018","Eligible MPR not Received, Provisional Utilisation Certificate Pending.",2014,2019,16
Andhra Pradesh,7,16,Shri Mekapati Rajamohan Reddy,NELLORE(SC),NELLORE,20,20,0,-2.58,3.75,2,2017-2018,24-10-2018,2.5,,,2014,2019,16
Andhra Pradesh,7,17,Shri Midhun Reddy,RAJAMPET,CHITTOOR,22.5,22.5,0,-1.3,1.86,1,2018-2019,9/11/18,2.5,,,2014,2019,16
Andhra Pradesh,7,18,Shri Muthamsetti Srinivasa Rao (Avnthi),ANAKAPALLE,VISAKHAPATNAM,25,22.5,2.5,-2.96,0.01,1,2018-2019,6/2/19,2.5,2 / 2018-2019,"Audit Certificate Pending, Eligible MPR not Received, Utilisation Certificate Pending.",2014,2019,16
Andhra Pradesh,7,19,Shri Rayapati Sambasiva Rao,NARASARAOPET,GUNTUR,25,22.5,2.5,-1.07,1.45,1,2018-2019,17-03-2020,2.5,2 / 2018-2019,"Audit Certificate Pending, Eligible MPR not Received, Utilisation Certificate Pending.",2014,2019,16
Andhra Pradesh,7,20,Shri Srinivas Kesineni,VIJAYAWADA,KRISHNA,25,22.5,2.5,-1.48,4.52,1,2018-2019,13-06-2022,2.5,2 / 2018-2019,"Audit Certificate Pending, Eligible MPR not Received, Utilisation Certificate Pending.",2014,2019,16
Andhra Pradesh,7,21,Shri S.P.Y. Reddy,NANDYAL,KURNOOL,25,15,10,-9.15,1.34,2,2016-2017,21-08-2019,2.5,"1 / 2017-2018,1 / 2018-2019,2 / 2018-2019,2 / 2017-2018","Eligible MPR not Received, Provisional Utilisation Certificate Pending.",2014,2019,16
Andhra Pradesh,7,22,Shri Y. S. Avinash Reddy,KADAPA,CUDDAPAH,20,20,0,-1.9,1.3,2,2017-2018,17-07-2019,2.5,,,2014,2019,16
Andhra Pradesh,7,23,Shri Yerram Venkata Subbareddy,ONGOLE,PRAKASAM,20,17.5,2.5,-1.43,3.71,1,2017-2018,6/9/18,2.5,2 / 2017-2018,"Audit Certificate Pending, Eligible MPR not Received, Utilisation Certificate Pending.",2014,2019,16
Andhra Pradesh,7,24,Smt. Geetha Kothapalli,ARAKU(ST),VISAKHAPATNAM,25,25,0,1.42,2.31,2,2018-2019,6/3/20,2.5,,,2014,2019,16
Andhra Pradesh,7,25,Shri Sriram Malyadri,BAPATLA,PRAKASAM,25,22.5,2.5,-3.19,1.94,2,2017-2018,4/9/19,2.5,2 / 2018-2019,"Audit Certificate Pending, Eligible MPR not Received, Utilisation Certificate Pending.",2014,2019,16
Andhra Pradesh,7,26,Smt. Renuka Butta,KURNOOL,KURNOOL,25,22.5,2.5,-2.37,0.77,1,2018-2019,7/8/19,2.5,2 / 2018-2019,"Audit Certificate Pending, Eligible MPR not Received, Utilisation Certificate Pending.",2014,2019,16
Arunachal Pradesh,7,27,Shri Kiren Rijiju,ARUNACHAL WEST,WEST SIANG,25,25,0,3.44,3.44,2,2018-2019,7/8/19,2.5,,,2014,2019,16
Arunachal Pradesh,7,28,Shri Ninong Ering,ARUNACHAL EAST,LOHIT,25,25,0,2.8,2.8,2,2018-2019,27-11-2018,2.5,,,2014,2019,16
Assam,7,29,Km. Sushmita Dev,SILCHAR,CACHAR,25,25,0,0.14,2.85,2,2018-2019,15-02-2022,2.5,,,2014,2019,16
Assam,7,30,Maulana Badruddin Ajmal,DHUBRI,DHUBRI,25,25,0,0.56,2.57,2,2018-2019,15-02-2022,2.5,,,2014,2019,16
Assam,7,31,Shri Biren Singh Engti,AUTONOMOUS DISTRICT(ST),KARBI ANGLONG,15,15,0,0.09,1.04,1,2016-2017,26-09-2018,2.5,,,2014,2019,16
Assam,7,32,Shri Gaurav Gogoi,KALIABOR,NOWGONG,27.5,20,7.5,0.14,1.37,1,2017-2018,31-05-2019,2.5,"1 / 2018-2019,2 / 2018-2019,2 / 2017-2018",,2014,2019,16
Assam,7,33,Shri Kamakhya Prasad Tasa,JORHAT,JORHAT,25,17.5,7.5,2.96,5.11,1,2017-2018,28-11-2018,2.5,"1 / 2018-2019,2 / 2018-2019,2 / 2017-2018","Audit Certificate Pending, Eligible MPR not Received, Provisional Utilisation Certificate Pending.",2014,2019,16
Assam,7,34,Shri Rajen Gohain,NOWGONG,NOWGONG,25,25,0,0.16,0.92,2,2018-2019,25-01-2019,2.5,,,2014,2019,16
Assam,7,35,Shri Pradan Baruah,LAKHIMPUR,DHEMAJI,17.5,17.5,0,3.2,3.2,2,2018-2019,8/2/19,2.5,,,2014,2019,16
Assam,7,36,Shri Ramen Deka,MANGALDOI,DARRANG,25,25,0,1.32,4.3,2,2018-2019,24-02-2022,2.5,,"Bank Statement Awaited, Eligible MPR not Received, Provisional Utilisation Certificate Pending.",2014,2019,16
Assam,7,37,Shri Rameswar Teli,DIBRUGARH,DIBRUGARH,25,20,5,2.74,4.52,2,2017-2018,29-10-2019,2.5,"1 / 2018-2019,2 / 2018-2019","Eligible MPR not Received, Provisional Utilisation Certificate Pending.",2014,2019,16
Assam,7,38,Shri Ram Prasad Sarmah,TEZPUR,SONITPUR,25,22.5,2.5,-0.39,3.63,1,2018-2019,29-10-2019,2.5,2 / 2018-2019,"Audit Certificate Pending, Eligible MPR not Received, Utilisation Certificate Pending.",2014,2019,16
Assam,7,39,Shri Naba Kumar Sarania EX,KOKRAJHAR (ST),NALBARI,25,25,0,3.2,3.2,2,2018-2019,10/9/18,2.5,,,2014,2019,16
Assam,7,40,Shri Radheshyam Biswas,KARIMGANJ (SC),KARIM GANJ,25,25,0,0.61,2.54,2,2018-2019,15-02-2022,2.5,,,2014,2019,16
Assam,7,41,Shri Sarbananda Sonowal,LAKHIMPUR,LAKHIMPUR,7.5,7.5,0,0.06,0.27,1,2015-2016,22-02-2016,2.5,,,2014,2019,16
Assam,7,42,Shri Sirajuddin Ajmal,BARPETA,BARPETA,25,25,0,-0.7,0.09,2,2018-2019,28-11-2018,2.5,,,2014,2019,16
Assam,7,43,Smt. Bijoya Chakravarty,GUWAHATI,KAMRUP METROPOLITAN,25,25,0,2.93,4.03,2,2018-2019,12/2/19,2.5,,,2014,2019,16
Bihar,7,44, Mehboob Ali Kaiser,KHAGARIA,KHAGARIA,25,25,0,0.01,2.64,2,2018-2019,3/1/19,2.5,,,2014,2019,16
Bihar,7,45,Shri Ajay Nishad,MUZAFFARPUR,MUZAFFARPUR,25,25,0,0,2.85,2,2018-2019,17-07-2019,2.5,,,2014,2019,16
Bihar,7,46,Dr. Arun Kumar,JAHANABAD,JEHANABAD,25,22.5,2.5,-1.88,0.13,1,2018-2019,1/11/19,2.5,2 / 2018-2019,"Audit Certificate Pending, Utilisation Certificate Pending.",2014,2019,16
Bihar,7,47,Dr. Sanjay Jaiswal,PASCHIM CHAMPARAN,BETTIAH (W.CHAMPARAN),25,25,0,0.49,2.77,2,2018-2019,30-06-2022,2.5,,,2014,2019,16
Bihar,7,48,Dr. Bhola Singh,BEGUSARAI,BEGUSARAI,25,25,0,-0.33,1.08,2,2018-2019,29-01-2019,2.5,,,2014,2019,16
Bihar,7,49,Shri Ashwini Kumar Choubey,BUXAR,BUXAR,25,25,0,0.15,1.42,2,2018-2019,20-06-2019,2.5,,,2014,2019,16
Bihar,7,50,Shri Asrarul Haque Mohammad,KISHANGANJ,KISHANGANJ,25,22.5,2.5,-1.91,0.19,2,2017-2018,28-06-2019,2.5,2 / 2018-2019,"Audit Certificate Pending, Utilisation Certificate Pending.",2014,2019,16
Bihar,7,51,Shri Birendra Kumar Choudhary,JHANJHARPUR,MADHUBANI,25,25,0,-0.34,0.48,2,2018-2019,4/9/19,2.5,,,2014,2019,16
Bihar,7,52,Shri Chhedi Paswan,SASARAM(SC),KAIMUR (BHABUA),25,25,0,-0.58,1.59,2,2018-2019,30-10-2018,2.5,,,2014,2019,16
Bihar,7,53,Shri Giriraj Singh,NAWADA,NAWADA,25,25,0,-0.7,2.72,2,2018-2019,11/2/19,2.5,,,2014,2019,16
Bihar,7,54,Shri Janak Ram,GOPALGANJ (SC),GOPALGANJ,25,25,0,0.71,1.54,2,2018-2019,9/7/19,2.5,,,2014,2019,16
Bihar,7,55,Shri Chirag Paswan,JAMUI(SC),JAMUI,25,22.5,2.5,-2.35,2.51,1,2018-2019,27-05-2022,2.5,2 / 2018-2019,,2014,2019,16
Bihar,7,56,Shri Kaushalendra Kumar,NALANDA,BIHAR SHARIF/NALANDA,25,25,0,0.21,0.53,2,2018-2019,5/8/19,2.5,,,2014,2019,16
Bihar,7,57,Shri Hari Manjhi,GAYA (SC),GAYA,25,25,0,0.06,2.53,2,2018-2019,30-05-2022,2.5,,,2014,2019,16
Bihar,7,58,Shri Hukmdev Narayan Yadav,MADHUBANI,MADHUBANI,25,25,0,-0.26,0.24,2,2018-2019,13-12-2018,2.5,,,2014,2019,16
Bihar,7,59,Shri Janardan Singh Sigriwal,MAHARAJGANJ,SARAN,32.5,30,2.5,-6.77,-0.72,2,2017-2018,19-06-2019,2.5,2 / 2018-2019,"Audit Certificate Pending, Utilisation Certificate Pending.",2014,2019,16
Bihar,7,60,Shri Kirti (JHA) Azad,DARBHANGA,DARBANGA,25,25,0,-0.72,2.19,2,2018-2019,31-03-2021,2.5,,,2014,2019,16
Bihar,7,61,Shri Jay Prakash Narayan Yadav,BANKA,BANKA,25,25,0,0.05,0.84,2,2018-2019,26-06-2019,2.5,,,2014,2019,16
Bihar,7,62,Shri Nityanand Rai,UJJARPUR,SAMASTIPUR,25,25,0,-0.22,2.51,2,2018-2019,27-06-2022,2.5,,,2014,2019,16
Bihar,7,63,Shri Rama Kishore Singh,VAISHALI,MUZAFFARPUR,25,25,0,0.01,2.52,2,2018-2019,13-06-2019,2.5,,,2014,2019,16
Bihar,7,64,Shri Om Prakash Yadav,SIWAN,SIWAN,25,25,0,-0.11,4.19,2,2018-2019,13-09-2019,2.5,,,2014,2019,16
Bihar,7,65,Shri Rajiv Pratap Rudy,SARAN,SARAN,32.5,15,17.5,-15.9,0.01,1,2015-2016,21-08-2019,2.5,"1 / 2016-2017,1 / 2017-2018,1 / 2018-2019,2 / 2018-2019,2 / 2015-2016,2 / 2017-2018,2 / 2016-2017","Eligible MPR not Received, Utilisation Certificate Pending.",2014,2019,16
Bihar,7,66,Shri Raj Kumar Singh,ARRAH,BHOJPUR(ARRAH),25,22.5,2.5,-1.23,3,2,2017-2018,27-06-2022,2.5,2 / 2018-2019,,2014,2019,16
Bihar,7,67,Shri Radha Mohan Singh,PURVI CHAMPARAN,MOTHIHARI (E.CHAMPARAN),25,22.5,2.5,-2.5,5,2,2017-2018,30-08-2019,2.5,2 / 2018-2019,"Audit Certificate Pending, Utilisation Certificate Pending.",2014,2019,16
Bihar,7,68,Shri Rajesh Ranjan  (Pappu  Yadav),MADHEPURA,MADHEPURA,25,25,0,-0.25,1.53,2,2018-2019,11/2/19,2.5,,,2014,2019,16
Bihar,7,69,Shri Ram Kumar Sharma Kushwaha,SITAMARHI,SITAMARHI,25,17.5,7.5,-6.64,2.55,1,2017-2018,27-05-2022,2.5,"1 / 2018-2019,2 / 2018-2019,2 / 2017-2018",,2014,2019,16
Bihar,7,70,Shri Ramchandra Paswan,SAMASTIPUR(SC),SAMASTIPUR,25,25,0,0.23,1.31,2,2018-2019,21-12-2018,2.5,,,2014,2019,16
Bihar,7,71,Shri Ram Vilas Paswan,HAJIPUR(SC),VAISHALI,25,25,0,0.58,1.33,2,2018-2019,17-12-2018,2.5,,,2014,2019,16
Bihar,7,72,Shri Sarfaraz Alam,ARARIA,ARARIA,5,5,0,0,0.14,2,2018-2019,30-08-2019,2.5,,,2014,2019,16
Bihar,7,73,Shri Shailesh (Bulo Mandal) Kumar,BHAGALPUR,BHAGALPUR,25,25,0,0.05,1.25,2,2018-2019,30-03-2020,2.5,,,2014,2019,16
Bihar,7,74,Shri Ram Kripal Yadav,PATALIPUTRA,PATNA,25,22.5,2.5,-6.02,1.72,2,2018-2019,17-08-2022,2.5,,"Audit Certificate Pending, Utilisation Certificate Pending.",2014,2019,16
Bihar,7,75,Shri Tariq Anwar,KATIHAR,KATIHAR,25,25,0,0.67,2.51,2,2018-2019,27-05-2022,2.5,,,2014,2019,16
Bihar,7,76,Shri Santosh Kumar,PURNEA,PURNEA,25,25,0,2.36,2.69,2,2018-2019,21-03-2022,2.5,,,2014,2019,16
Bihar,7,77,Shri Satish Chandra Dubey,VALMIKI NAGAR,BETTIAH (W.CHAMPARAN),25,22.5,2.5,-2.85,0.1,2,2018-2019,17-08-2022,2.5,,"Audit Certificate Pending, Utilisation Certificate Pending.",2014,2019,16
Bihar,7,78,Shri Sushil Kumar Singh,AURANGABAD,AURANGABAD,25,22.5,2.5,-0.41,0.9,1,2018-2019,1/7/19,2.5,2 / 2018-2019,"Audit Certificate Pending, Utilisation Certificate Pending.",2014,2019,16
Bihar,7,79,Shri Upendra Kushwaha,KARAKAT,ROHTAS,25,22.5,2.5,-2.03,0.15,1,2018-2019,8/2/19,2.5,2 / 2018-2019,"Audit Certificate Pending, Utilisation Certificate Pending.",2014,2019,16
Bihar,7,80,Shri Shatrughan Prasad Sinha,PATNA SAHIB,PATNA,25,25,0,-0.26,1.52,2,2018-2019,30-03-2021,2.5,,,2014,2019,16
Bihar,7,81,Shri Tasleem Taslimuddin,ARARIA,ARARIA,17.5,17.5,0,4.64,5.52,1,2017-2018,30-03-2021,2.5,,,2014,2019,16
Bihar,7,82,Smt. Rama Devi,SHEOHAR,MOTHIHARI (E.CHAMPARAN),25,25,0,-0.49,0.21,2,2018-2019,4/9/19,2.5,,,2014,2019,16
Bihar,7,83,Smt. Veena Devi,MUNGER,PATNA,25,25,0,0.54,3.02,2,2018-2019,23-03-2020,2.5,,,2014,2019,16
Bihar,7,84,Smt. Ranjeet Ranjan,SUPAUL,SUPAUL,25,25,0,2.06,2.51,2,2018-2019,18-06-2019,2.5,,,2014,2019,16
Chandigarh,7,85,Smt. Kirron Kher,CHANDIGARH,CHANDIGARH,25,25,0,-5.19,2.55,2,2018-2019,13-06-2019,2.5,,,2014,2019,16
Chhattisgarh,7,86,Dr. Banshilal Mahto,KORBA,KORBA,25,25,0,-0.26,0.26,2,2018-2019,25-01-2019,2.5,,,2014,2019,16
Chhattisgarh,7,87,Shri Abhishek Singh,RAJNANDGAON,RAJNANDGAON,25,25,0,0.34,0.34,2,2018-2019,25-01-2019,2.5,,,2014,2019,16
Chhattisgarh,7,88,Shri Chandu Lal Sahu,MAHASAMUND,MAHASAMUND,25,25,0,0.83,1.94,2,2018-2019,10/10/19,2.5,,,2014,2019,16
Chhattisgarh,7,89,Shri Dinesh Kashyap,BASTAR(ST),BASTAR,25,25,0,0.73,1.58,2,2018-2019,31-05-2019,2.5,,,2014,2019,16
Chhattisgarh,7,90,Shri Kamalbhan Singh Marabi,SARGUJA(ST),SURGUJA,25,25,0,0.7,3.2,2,2018-2019,19-03-2020,2.5,,,2014,2019,16
Chhattisgarh,7,91,Shri Lakhan Lal Sahu,BILASPUR,BILASPUR,25,25,0,1.84,4.54,2,2018-2019,25-01-2019,2.5,,,2014,2019,16
Chhattisgarh,7,92,Shri Vikram Usendi,KANKER(ST),UTTAR BASTAR KANKER,25,22.5,2.5,1.19,0.78,1,2018-2019,10/10/19,2.5,2 / 2018-2019,,2014,2019,16
Chhattisgarh,7,93,Smt. Kamla Devi Patle,JANJGIR CHAMPA(SC),JANJGIR-CHAMPA,25,25,0,0.4,0.66,2,2018-2019,25-01-2019,2.5,,,2014,2019,16
Chhattisgarh,7,94,Shri Ramesh Bais,RAIPUR,RAIPUR,25,25,0,-0.88,7.16,2,2018-2019,25-01-2019,2.5,,,2014,2019,16
Chhattisgarh,7,95,Shri Tamradhwaj Sahu,DURG,DURG,25,25,0,0,0.12,2,2018-2019,17-09-2018,2.5,,,2014,2019,16
Chhattisgarh,7,96,Shri Vishnu Deo Sai,RAIGARH(ST),RAIGARH,25,25,0,0.91,0.91,2,2018-2019,6/2/19,2.5,,,2014,2019,16
D & N Haveli,7,97,Shri Natubhai Gomanbhai Patel,DADRA & NAGAR HAVELI (ST),DADRA AND NAGAR HAVELI,25,25,0,0.25,2.42,2,2018-2019,30-03-2021,2.5,,,2014,2019,16
Daman & Diu,7,98,Shri Lalubhai Babubhai Patel,DAMAN & DIU,DAMAN,25,22.5,2.5,-1.58,4.74,1,2018-2019,19-06-2019,2.5,2 / 2018-2019,"Audit Certificate Pending, Eligible MPR not Received, Utilisation Certificate Pending.",2014,2019,16
Delhi,7,99,Dr. Harsh Vardhan,CHANDINI CHOWK,COMMISSIONER NORTH DELHI MUNICIPAL CORPORATION,25,25,0,0.26,1.1,2,2018-2019,28-03-2022,2.5,,,2014,2019,16
Delhi,7,100,Dr. Udit Raj,NORTH WEST DELHI(SC),COMMISSIONER NORTH DELHI MUNICIPAL CORPORATION,37.5,37.5,0,0.1,3.15,2,2018-2019,27-05-2022,2.5,,,2014,2019,16
Delhi,7,101,Shri Maheish Girri,EAST DELHI,COMMISSIONER EAST DELHI MUNICIPAL CORPORATION,25,22.5,2.5,-2.65,2.03,2,2017-2018,31-12-2019,2.5,2 / 2018-2019,"Audit Certificate Pending, Eligible MPR not Received, Utilisation Certificate Pending.",2014,2019,16
Delhi,7,102,Shri Manoj Kumar Tiwari,NORTH EAST DELHI,COMMISSIONER EAST DELHI MUNICIPAL CORPORATION,25,22.5,2.5,-3.36,0.04,1,2018-2019,31-12-2019,2.5,2 / 2018-2019,"Audit Certificate Pending, Eligible MPR not Received.",2014,2019,16
Delhi,7,103,Shri Parvesh Sahib Singh,WEST DELHI,COMMISSIONER SOUTH DELHI MUNICIPAL CORPORATION,25,25,0,-0.01,2.5,2,2018-2019,31-05-2022,2.5,,,2014,2019,16
Delhi,7,104,Shri Ramesh Bidhuri,SOUTH DELHI,COMMISSIONER SOUTH DELHI MUNICIPAL CORPORATION,25,22.5,2.5,-2.3,1.8,1,2018-2019,2/6/22,2.5,2 / 2018-2019,,2014,2019,16
Delhi,7,105,Smt. Meenakashi Lekhi,NEW DELHI,COMMISSIONER SOUTH DELHI MUNICIPAL CORPORATION,25,22.5,2.5,0.79,3.47,1,2018-2019,2/3/22,2.5,2 / 2018-2019,"Audit Certificate Pending, Utilisation Certificate Pending.",2014,2019,16
Goa,7,106,Shri Advocate Narendra Keshav Sawaikar,SOUTH GOA,SOUTH GOA,27.5,20,7.5,-6.55,0,1,2017-2018,12/5/22,2.5,"1 / 2018-2019,2 / 2018-2019,2 / 2017-2018",Incorrect Audit Certificate.,2014,2019,16
Goa,7,107,Shri Shripad Yesso Naik,NORTH GOA,NORTH GOA,25,25,0,1.23,4.86,2,2018-2019,30-06-2022,2.5,,,2014,2019,16
Gujarat,7,108,Dr. Bharati Dhirubhai Shiyal,BHAVNAGAR,BHAVNAGAR,25,25,0,0.67,2.67,2,2018-2019,6/3/20,2.5,,,2014,2019,16
Gujarat,7,109,Dr. K. C. Patel,VALSAD(ST),VALSAD,25,25,0,0.45,0.48,2,2018-2019,4/12/18,2.5,,,2014,2019,16
Gujarat,7,110,Dr. Kirit Premjibhai Solanki,AHMEDABAD WEST(SC),AHMEDABAD,25,25,0,0.47,2.52,2,2018-2019,11/5/22,2.5,,,2014,2019,16
Gujarat,7,111,Shri Haribhai Parthibhai Chaudhary,BANASKANTHA,BANASKANTHA,25,22.5,2.5,-1.61,0.38,1,2018-2019,7/1/20,2.5,2 / 2018-2019,,2014,2019,16
Gujarat,7,112,Shri Chandrakant Raghunath Patil,NAVSARI,NAVSARI,25,25,0,4.3,5.05,2,2018-2019,30-03-2020,2.5,,,2014,2019,16
Gujarat,7,113,Shri Jasvantsinh Sumanbhai Bhabhor,DAHOD(ST),DAHOD,25,25,0,-0.12,0.48,2,2018-2019,27-12-2018,2.5,,,2014,2019,16
Gujarat,7,114,Shri Dilip Patel,ANAND,ANAND,25,25,0,0.07,1.41,2,2018-2019,10/6/19,2.5,,,2014,2019,16
Gujarat,7,115,Shri Devusinh Jesingbhai Chauhan,KHEDA,KHEDA,25,25,0,0.51,1.28,2,2018-2019,25-01-2019,2.5,,,2014,2019,16
Gujarat,7,116,Shri Devajibhai Govindbhai Fatepara,SURENDRANAGAR,SURENDRANAGAR,25,25,0,0.36,0.66,2,2018-2019,30-10-2018,2.5,,,2014,2019,16
Gujarat,7,117,Shri Dipsinh Shankarsinh Rathod,SABARKANTHA,SABARKANTHA,25,25,0,-0.18,0.09,2,2018-2019,21-08-2019,2.5,,,2014,2019,16
Gujarat,7,118,Shri Lal Krishna Advani,GANDHINAGAR,GANDHINAGAR,25,22.5,2.5,0.62,3.15,1,2018-2019,7/8/19,2.5,2 / 2018-2019,,2014,2019,16
Gujarat,7,119,Shri Mansukhbhai Dhanjibhai Vasava,BHARUCH,Bharuch,25,25,0,-0.12,1.32,2,2018-2019,30-05-2019,2.5,,,2014,2019,16
Gujarat,7,120,Shri Mohanbhai Kalyanjibhai Kundariya,RAJKOT,RAJKOT,25,25,0,0.9,4.85,2,2018-2019,30-03-2020,2.5,,,2014,2019,16
Gujarat,7,121,Shri Liladharbhai Khodaji Vaghela,PATAN,PATAN,25,22.5,2.5,-2.04,0.07,2,2018-2019,2/8/22,2.5,,,2014,2019,16
Gujarat,7,122,Shri Naranbhai Kachhadiya,AMRELI,AMRELI,25,25,0,0.7,1.08,2,2018-2019,17-12-2018,2.5,,,2014,2019,16
Gujarat,7,123,Shri Parbhubhai Nagarbhai Vasava,BARDOLI(ST),SURAT,25,25,0,-0.11,1.16,2,2018-2019,1/11/19,2.5,,,2014,2019,16
Gujarat,7,124,Shri Paresh Rawal,AHMEDABAD EAST,AHMEDABAD,25,25,0,-0.93,2.54,2,2018-2019,7/3/22,2.5,,,2014,2019,16
Gujarat,7,125,Shri Ramsinh Patalyabhai Rathwa,CHHOTA UDAIPUR(ST),CHHOTA UDAIPUR,25,25,0,0.5,2.85,2,2018-2019,6/6/22,2.5,,,2014,2019,16
Gujarat,7,126,Shri Prabhatsinh Pratapsinh Chauhan,PANCHMAHAL,PANCHMAHALS,25,25,0,0.41,1.08,2,2018-2019,16-07-2019,2.5,,,2014,2019,16
Gujarat,7,127,Shri Rajeshbhai Naranbhai Chudasama,JUNAGADH,JUNAGADH,25,25,0,0.97,1.55,2,2018-2019,10/10/19,2.5,,,2014,2019,16
Gujarat,7,128,Smt Ranjanben Bhatt,VADODARA,VADODARA,25,25,0,1.81,3.51,2,2018-2019,31-07-2019,2.5,,,2014,2019,16
Gujarat,7,129,Smt. Poonamben Hematbhai Maadam,JAMNAGAR,JAMNAGAR,25,25,0,0.19,2.35,2,2018-2019,23-03-2022,2.5,,,2014,2019,16
Gujarat,7,130,Shri Vitthalbhai Hansrajbhai Radadiyahai,PORBANDAR,RAJKOT,25,25,0,1.48,3.35,2,2018-2019,20-12-2019,2.5,,,2014,2019,16
Gujarat,7,131,Smt. Darshana Vikram Jardosh,SURAT,SURAT,25,25,0,-0.21,0.08,2,2018-2019,19-09-2019,2.5,,,2014,2019,16
Gujarat,7,132,Smt. Jayshreeben Patel,MAHESANA,MAHESANA,25,25,0,0.15,1.64,2,2018-2019,24-03-2022,2.5,,,2014,2019,16
Haryana,7,133,Shri Ashwini Kumar,KARNAL,KARNAL,25,20,5,0.74,0.74,2,2017-2018,7/1/19,2.5,"1 / 2018-2019,2 / 2018-2019",,2014,2019,16
Haryana,7,134, Rao Inderjit Singh,GURGAON,REWARI,25,25,0,0.58,1.82,2,2018-2019,29-01-2019,2.5,,,2014,2019,16
Haryana,7,135,Shri Charanjeet Singh Rori,SIRSA(SC),SIRSA,25,25,0,-0.59,0.88,2,2018-2019,4/2/19,2.5,,,2014,2019,16
Haryana,7,136,Shri Dharambir Bhaleram,BHIWANI MAHENDRAGARH,MAHENDRAGARH,25,25,0,0.16,0.16,2,2018-2019,17-08-2018,2.5,,,2014,2019,16
Haryana,7,137,Shri Deepender Singh Hooda,ROHTAK,ROHTAK,25,25,0,-0.24,0.86,2,2018-2019,17-10-2019,2.5,,,2014,2019,16
Haryana,7,138,Shri Dushyant Chautala,HISAR,HISSAR,25,25,0,1.04,4.43,2,2018-2019,31-12-2019,2.5,,,2014,2019,16
Haryana,7,139,Shri Krishan Pal,FARIDABAD,FARIDABAD,25,25,0,0.55,3.93,2,2018-2019,30-05-2019,2.5,,,2014,2019,16
Haryana,7,140,Shri Rattan Lal Kataria,AMBALA (SC),AMBALA,25,25,0,2.28,3.69,2,2018-2019,14-02-2020,2.5,,,2014,2019,16
Haryana,7,141,Shri Raj Kumar Saini,KURUKSHETRA,KURUKSHETRA,25,25,0,0.48,0.68,2,2018-2019,27-02-2020,2.5,,,2014,2019,16
Haryana,7,142,Shri Ramesh Chander Kaushik,SONEPAT,SONEPAT,25,25,0,0.41,0.41,2,2018-2019,10/8/18,2.5,,,2014,2019,16
Himachal Pradesh,7,143,Shri Anurag Singh Thakur,HAMIRPUR,HAMIRPUR,25,25,0,3.49,4.96,2,2018-2019,29-01-2019,2.5,,,2014,2019,16
Himachal Pradesh,7,144,Shri Ram Swaroop Sharma,MANDI,MANDI,25,25,0,0.57,0.57,2,2018-2019,17-12-2018,2.5,,,2014,2019,16
Himachal Pradesh,7,145,Shri Shanta Kumar,KANGRA,KANGRA,25,25,0,2.5,5,2,2018-2019,6/2/19,2.5,,,2014,2019,16
Himachal Pradesh,7,146,Shri Virender Kashyap,SHIMLA (SC),SOLAN,25,25,0,2.81,4.98,2,2018-2019,24-12-2018,2.5,,,2014,2019,16
Jammu & Kashmir,7,147,Dr. Jitendra Singh,UDHAMPUR,KATHUA,25,25,0,0.18,4.36,2,2018-2019,21-03-2022,2.5,,,2014,2019,16
Jammu & Kashmir,7,148,Dr Farooq Abdullah,SRINAGAR,SRINAGAR,12.5,7.5,5,-1.12,0,1,2018-2019,6/9/18,2.5,"2 / 2018-2019,2 / 2016-2017","Audit Certificate Pending, Eligible MPR not Received, Utilisation Certificate Pending.",2014,2019,16
Jammu & Kashmir,7,149,Shri Jugal Kishore Sharma,JAMMU,JAMMU,25,25,0,0.43,4.84,2,2018-2019,1/11/19,2.5,,,2014,2019,16
Jammu & Kashmir,7,150,Shri Muzaffar Hussain Baig,BARAMULLAH,BARAMULLAH,25,22.5,2.5,-2.59,2.06,2,2017-2018,23-03-2020,2.5,2 / 2018-2019,"Audit Certificate Pending, Eligible MPR not Received, Utilisation Certificate Pending.",2014,2019,16
Jammu & Kashmir,7,151,Shri Thupstan Chhewang,LADAKH,LEH,25,22.5,2.5,1.3,2.67,1,2018-2019,18-12-2019,2.5,2 / 2018-2019,"Audit Certificate Pending, Eligible MPR not Received, Utilisation Certificate Pending.",2014,2019,16
Jammu & Kashmir,7,152,Smt. Mehbooba Mufti,ANANTNAG,ANANTNAG,12.5,10,2.5,0.76,1.84,2,2015-2016,21-11-2016,2.5,1 / 2016-2017,,2014,2019,16
Jammu & Kashmir,7,153,Shri Tariq Hameed Karra,SRINAGAR,SRINAGAR,12.5,12.5,0,2.11,3.42,1,2016-2017,5/11/18,2.5,,"Audit Certificate Pending, Eligible MPR not Received, Utilisation Certificate Pending.",2014,2019,16
Jharkhand,7,154,Dr. Ravindra Kumar Ray,KODARMA,GIRIDIH,25,22.5,2.5,-2.45,0,1,2018-2019,3/1/19,2.5,2 / 2018-2019,,2014,2019,16
Jharkhand,7,155,Shri Bidyut Baran Mahato,JAMSHEDPUR,EAST SINGHBUM,25,20,5,0.1,2.78,2,2017-2018,14-02-2020,2.5,"1 / 2018-2019,2 / 2018-2019","Audit Certificate Pending, Eligible MPR not Received, Utilisation Certificate Pending.",2014,2019,16
Jharkhand,7,156,Shri Kariya Munda,KHUNTI(ST),KHUNTI,25,20,5,0.51,0.47,2,2017-2018,4/2/19,2.5,"1 / 2018-2019,2 / 2018-2019",,2014,2019,16
Jharkhand,7,157,Shri Jayant Sinha,HAZARIBAGH,HAZARIBAGH,25,22.5,2.5,0.9,2.53,1,2018-2019,5/8/19,2.5,2 / 2018-2019,,2014,2019,16
Jharkhand,7,158,Shri Nishikant Dubey,GODDA,GODDA,25,7.5,17.5,3.16,3.39,1,2015-2016,19-04-2018,2.5,"1 / 2016-2017,1 / 2017-2018,1 / 2018-2019,2 / 2018-2019,2 / 2015-2016,2 / 2017-2018,2 / 2016-2017",,2014,2019,16
Jharkhand,7,159,Shri Laxman Giluwa,SINGHBHUM(ST),CHAIBAS (W.SINGHBHUM),32.5,30,2.5,-2.33,0.39,2,2017-2018,3/1/19,2.5,2 / 2018-2019,,2014,2019,16
Jharkhand,7,160,Shri Pashupati Nath Singh,DHANBAD,DHANBAD,25,25,0,2.65,4.95,2,2018-2019,12/9/19,2.5,,,2014,2019,16
Jharkhand,7,161,Shri Ravindra Kumar Pandey,GIRIDIH,BOKARO,25,22.5,2.5,2.62,4.61,1,2018-2019,19-12-2018,2.5,2 / 2018-2019,,2014,2019,16
Jharkhand,7,162,Shri Sunil Kumar Singh,CHATRA,CHATRA,25,22.5,2.5,-0.43,0.14,1,2018-2019,13-09-2019,2.5,2 / 2018-2019,Eligible MPR not Received.,2014,2019,16
Jharkhand,7,163,Shri Shibu Soren,DUMKA(ST),DUMKA,25,20,5,1.57,2.68,2,2017-2018,21-08-2019,2.5,"1 / 2018-2019,2 / 2018-2019",,2014,2019,16
Jharkhand,7,164,Shri Ram Tahal Choudhary,RANCHI,RANCHI,25,17.5,7.5,2.7,2.48,1,2017-2018,9/7/19,2.5,"1 / 2018-2019,2 / 2018-2019,2 / 2017-2018",,2014,2019,16
Jharkhand,7,165,Shri Vishnu Dayal Ram,PALAMU(SC),PALAMAU,25,25,0,0.03,0,2,2018-2019,12/2/19,2.5,,,2014,2019,16
Jharkhand,7,166,Shri Sudarshan Bhagat,LOHARDAGA(ST),RANCHI,25,22.5,2.5,0.6,0.26,1,2018-2019,9/7/19,2.5,2 / 2018-2019,Eligible MPR not Received.,2014,2019,16
Jharkhand,7,167,Shri Vijay Kumar Hansdak,RAJMAHAL(ST),SAHEBGANJ,25,20,5,2.46,2.46,2,2017-2018,17-09-2019,2.5,"1 / 2018-2019,2 / 2018-2019",Incorrect MPR.,2014,2019,16
Karnataka,7,168,Dr. M. Veerappa Moily,CHIKBALLAPUR,CHIKBALLAPUR,25,17.5,7.5,-2.65,0.46,1,2017-2018,2/2/18,2.5,"1 / 2018-2019,2 / 2018-2019,2 / 2017-2018","Audit Certificate Pending, Eligible MPR not Received, Utilisation Certificate Pending.",2014,2019,16
Karnataka,7,169,Km. Shobha Karandlaje,UDUPI CHIKMAGALUR,UDUPI,25,22.5,2.5,-0.44,0.85,1,2018-2019,21-01-2020,2.5,2 / 2018-2019,"Audit Certificate Pending, Eligible MPR not Received, Utilisation Certificate Pending.",2014,2019,16
Karnataka,7,170,Shri B.V. Nayak,RAICHUR(ST),RAICHUR,25,22.5,2.5,-2.21,0.54,1,2018-2019,21-01-2020,2.5,2 / 2018-2019,"Audit Certificate Pending, Eligible MPR not Received, Utilisation Certificate Pending.",2014,2019,16
Karnataka,7,171,Shri B. S. Yeddyurappa,SHIMOGA,SHIVAMOGGA,20,20,0,0.28,2.49,2,2017-2018,25-01-2019,2.5,,,2014,2019,16
Karnataka,7,172,Shri B. Sreeramulu,BELLARY(ST),BALLARI,20,20,0,0.23,0.77,2,2017-2018,11/9/18,2.5,,,2014,2019,16
Karnataka,7,173,Shri B.N. Chandrappa,CHITRADURGA(SC),CHITRADURGA,25,22.5,2.5,0.46,2.79,1,2018-2019,21-01-2020,2.5,2 / 2018-2019,"Audit Certificate Pending, Eligible MPR not Received, Utilisation Certificate Pending.",2014,2019,16
Karnataka,7,174,Shri ananth Ananth Kumar,BANGALORE SOUTH,BENGALURU URBAN,25,12.5,12.5,0.53,5.13,2,2015-2016,5/7/18,2.5,"1 / 2017-2018,1 / 2018-2019,2 / 2018-2019,2 / 2017-2018,2 / 2016-2017","Audit Certificate Pending, Eligible MPR not Received, Utilisation Certificate Pending.",2014,2019,16
Karnataka,7,175,Shri Anant Kumar Dattatreya Hegde,UTTARA KANNADA,UTTAR KANNAD,25,25,0,0.17,4.63,2,2018-2019,24-06-2022,2.5,,,2014,2019,16
Karnataka,7,176,Shri C.S. Puttaraju,MANDYA,MANDYA,20,15,5,0.53,1.48,2,2016-2017,10/1/19,2.5,"1 / 2017-2018,2 / 2017-2018","Eligible MPR not Received, Provisional Utilisation Certificate Pending.",2014,2019,16
Karnataka,7,177,Shri B.Y. Raghavendra,SHIMOGA,SHIVAMOGGA,2.5,2.5,0,0.08,1.04,2,2018-2019,3/1/19,2.5,,,2014,2019,16
Karnataka,7,178,Shri Bhagwanth Khuba,BIDAR,BIDAR,25,25,0,-0.02,2.73,2,2018-2019,28-03-2022,2.5,,,2014,2019,16
Karnataka,7,179,Shri Doddaalahalli Kempegowda Suresh,BANGALORE RURAL,RAMANAGARA,25,25,0,0.13,0.84,2,2018-2019,9/1/19,2.5,,,2014,2019,16
Karnataka,7,180,Shri D.V. Sadananda Gowda,BANGALORE NORTH,BENGALURU URBAN,25,25,0,0.43,2.54,2,2018-2019,17-06-2022,2.5,,,2014,2019,16
Karnataka,7,181,Shri Gowdar Mallikarjunappa Siddeshwara,DAVANAGERE,DAVANGERE,25,25,0,0.38,0.39,2,2018-2019,27-12-2018,2.5,,,2014,2019,16
Karnataka,7,182,Shri K.H. Muniyappa,KOLAR(SC),KOLAR,25,17.5,7.5,0.09,0.13,1,2017-2018,4/10/18,2.5,"1 / 2018-2019,2 / 2018-2019,2 / 2017-2018","Audit Certificate Pending, Eligible MPR not Received, Utilisation Certificate Pending.",2014,2019,16
Karnataka,7,183,Shri H.D. Devegowda,HASSAN,HASSAN,25,17.5,7.5,0.23,0.6,1,2017-2018,31-07-2019,2.5,"1 / 2018-2019,2 / 2018-2019,2 / 2017-2018",,2014,2019,16
Karnataka,7,184,Shri Prakash Babanna Hukkeri,CHIKKODI,BELAGAVI,25,25,0,0.08,1.14,2,2018-2019,27-02-2020,2.5,,,2014,2019,16
Karnataka,7,185,Shri Mallikarjun Kharge,GULBARGA(SC),GULBARGA,25,25,0,0.27,4.87,2,2018-2019,4/9/19,2.5,,,2014,2019,16
Karnataka,7,186,Shri Parvatagouda Chandanagouda Gaddigoudar,BAGALKOT,BAGALKOT,25,22.5,2.5,0,0.03,1,2018-2019,4/2/20,2.5,2 / 2018-2019,"Audit Certificate Pending, Eligible MPR not Received, Utilisation Certificate Pending.",2014,2019,16
Karnataka,7,187,Shri Pralhad Venkatesh Joshi,DHARWAD,DHARWAR,27.5,27.5,0,2.82,4.08,2,2018-2019,7/6/22,2.5,,,2014,2019,16
Karnataka,7,188,Shri P. C. Mohan,BANGALORE CENTRAL,BENGALURU URBAN,25,25,0,0.34,2.51,2,2018-2019,1/6/22,2.5,,,2014,2019,16
Karnataka,7,189,Shri Prathap Simha,MYSORE,MYSORE,25,25,0,2.64,2.55,2,2018-2019,10/6/19,2.5,,,2014,2019,16
Karnataka,7,190,Shri Ramesh Chandappa Jigajinagi,BIJAPUR(SC),BIJAPUR,27.5,15,12.5,2.76,2.43,1,2016-2017,6/2/19,2.5,"1 / 2017-2018,1 / 2018-2019,2 / 2018-2019,2 / 2017-2018,2 / 2016-2017","Audit Certificate Pending, Eligible MPR not Received, Utilisation Certificate Pending.",2014,2019,16
Karnataka,7,191,Shri Nalin Kumar Kateel,DAKSHINA KANNADA,DAKSHIN KANNAD,25,25,0,0.06,0.06,2,2018-2019,17-10-2019,2.5,,,2014,2019,16
Karnataka,7,192,Shri Rangaswamy Dhruvanarayana,CHAMARAJANAGAR(SC),CHAMARAJNAGAR,25,25,0,0.13,0.9,2,2018-2019,8/2/19,2.5,,,2014,2019,16
Karnataka,7,193,Shri Sanganna Amarappa Karadi,KOPPAL,KOPPAL,25,25,0,0.38,1.37,2,2018-2019,17-03-2020,2.5,,,2014,2019,16
Karnataka,7,194,Shri S.P. Muddahanumegowda,TUMKUR,TUMAKURU,25,22.5,2.5,-2.48,0.61,1,2018-2019,29-01-2019,2.5,2 / 2018-2019,"Audit Certificate Pending, Eligible MPR not Received, Utilisation Certificate Pending.",2014,2019,16
Karnataka,7,195,Shri Shivkumar Chanabasappa Udasi,HAVERI,HAVERI,25,22.5,2.5,-2.04,0.02,1,2018-2019,5/8/19,2.5,2 / 2018-2019,"Audit Certificate Pending, Eligible MPR not Received, Utilisation Certificate Pending.",2014,2019,16
Karnataka,7,196,Shri Venkatapura Subbaiah Ugrappa,BELLARY(ST),BALLARI,2.5,2.5,0,0.34,1.15,2,2018-2019,29-01-2019,2.5,,,2014,2019,16
Karnataka,7,197,Shri Suresh Chanabasappa Angadi,BELGAUM,BELAGAVI,25,25,0,1.6,3.74,2,2018-2019,26-07-2022,2.5,,,2014,2019,16
Kerala,7,198, P.K .Kunhalikutty,MALAPPURAM,MALAPPURAM,10,10,0,0.4,0.68,2,2018-2019,16-07-2019,2.5,,,2014,2019,16
Kerala,7,199,Dr. Anirudhan Sampath,ATTINGAL,THIRUVANANTHAPURAM,25,25,0,-0.81,0.49,2,2018-2019,11/12/18,2.5,,,2014,2019,16
Kerala,7,200,Prof. Kuruppassery Varkey Thomas,ERNAKULAM,ERNAKULAM,25,25,0,-1.76,4.74,2,2018-2019,30-06-2022,2.5,,,2014,2019,16
Kerala,7,201,Shri (Adv.) Joice George,IDUKKI,IDUKKI,25,25,0,-0.55,2.52,2,2018-2019,21-03-2022,2.5,,,2014,2019,16
Kerala,7,202,Dr. Shashi Tharoor,THIRUVANANTHAPURAM,THIRUVANANTHAPURAM,25,25,0,0.33,1.5,2,2018-2019,20-12-2019,2.5,,,2014,2019,16
Kerala,7,203,Shri E. Ahamed,MALAPPURAM,MALAPPURAM,15,15,0,0.46,0,2,2016-2017,31-01-2017,2.5,,,2014,2019,16
Kerala,7,204,Shri E. T. Mohammed Basheer,PONNANI,MALAPPURAM,25,25,0,0.18,3.09,2,2018-2019,9/3/22,2.5,,,2014,2019,16
Kerala,7,205,Shri Anto Antony,PATHANAMTHITTA,PATHANAMTHITTA,25,25,0,-0.74,1.9,2,2018-2019,30-03-2020,2.5,,,2014,2019,16
Kerala,7,206,Shri Jose K. Mani,KOTTAYAM,KOTTAYAM,25,20,5,-0.98,2.58,2,2017-2018,10/5/22,2.5,"1 / 2018-2019,2 / 2018-2019",,2014,2019,16
Kerala,7,207,Shri K. C. Venugopal,ALAPPUZHA,ALAPPUZHA,25,25,0,-1.14,2.68,2,2018-2019,3/3/22,2.5,,,2014,2019,16
Kerala,7,208,Shri C. N. Jayadevan,THRISSUR,THRISSOOR,25,25,0,-1.05,2.25,2,2018-2019,13-03-2020,2.5,,,2014,2019,16
Kerala,7,209,Shri Innocent ,CHALAKUDY,ERNAKULAM,25,25,0,-0.59,2.73,2,2018-2019,25-02-2022,2.5,,,2014,2019,16
Kerala,7,210,Shri M. I. Shanavas,WAYANAD,WAYANAD,25,22.5,2.5,0.67,1.24,1,2018-2019,27-02-2020,2.5,2 / 2018-2019,,2014,2019,16
Kerala,7,211,Shri M. B. Rajesh,PALAKKAD,PALAKKAD,25,25,0,1.07,2.54,2,2018-2019,29-03-2022,2.5,,,2014,2019,16
Kerala,7,212,Shri P. Karunakaran,KASARAGOD,KASARAGOD,25,22.5,2.5,-2.68,0.69,1,2018-2019,13-06-2019,2.5,2 / 2018-2019,"Audit Certificate Pending, Eligible MPR not Received, Utilisation Certificate Pending.",2014,2019,16
Kerala,7,213,Shri Parayamparanbil Kuttappan Biju,ALATHUR(SC),PALAKKAD,25,22.5,2.5,-2.44,2.5,1,2018-2019,29-03-2022,2.5,2 / 2018-2019,"Audit Certificate Pending, Eligible MPR not Received, Utilisation Certificate Pending.",2014,2019,16
Kerala,7,214,Shri M. K. Raghavan,KOZHIKODE,KOZHIKODE,25,25,0,-0.13,2.5,2,2018-2019,2/3/22,2.5,,,2014,2019,16
Kerala,7,215,Shri N.K. Premachandran,KOLLAM,KOLLAM,25,25,0,0.17,2.48,2,2018-2019,22-02-2022,2.5,,,2014,2019,16
Kerala,7,216,Shri Ramachandran Mullappally,VADAKARA,KOZHIKODE,25,22.5,2.5,-2.86,2.82,1,2018-2019,9/3/22,2.5,2 / 2018-2019,"Audit Certificate Pending, Eligible MPR not Received, Utilisation Certificate Pending.",2014,2019,16
Kerala,7,217,Shri Suresh Kodikunnil,MAVELIKKARA(SC),KOLLAM,25,25,0,0.63,4.69,2,2018-2019,30-06-2022,2.5,,,2014,2019,16
Kerala,7,218,Smt. P.K.Sreemathi Teacher,KANNUR,KANNUR,25,25,0,-0.33,1.59,2,2018-2019,19-03-2020,2.5,,,2014,2019,16
Lakshadweep,7,219,Shri Faizal P.P. Mohammed,LAKSHADWEEP(ST),LAKSHADWEEP,25,20,5,0.46,4.6,2,2017-2018,9/1/19,2.5,"1 / 2018-2019,2 / 2018-2019","Eligible MPR not Received, Provisional Utilisation Certificate Pending.",2014,2019,16
Madhya Pradesh,7,220,Prof. Chintamani Malviya,UJJAIN(SC),UJJAIN,25,25,0,1.16,1.38,2,2018-2019,1/2/19,2.5,,,2014,2019,16
Madhya Pradesh,7,221,Shri Alok Sanjar,BHOPAL,BHOPAL,25,25,0,0.3,4.67,2,2018-2019,25-02-2020,2.5,,,2014,2019,16
Madhya Pradesh,7,222,Dr. Bhagirath Prasad,BHIND(SC),BHIND,25,25,0,0.56,3.21,2,2018-2019,25-01-2019,2.5,,,2014,2019,16
Madhya Pradesh,7,223, Sumitra Mahajan (Tai),INDORE,INDORE,25,25,0,0.33,0.99,2,2018-2019,17-09-2018,2.5,,,2014,2019,16
Madhya Pradesh,7,224,Dr. Virendra Kumar,TIKAMGARH(SC),TIKAMGARH,25,25,0,-0.9,2.14,2,2018-2019,31-05-2019,2.5,,,2014,2019,16
Madhya Pradesh,7,225,Shri Anoop Mishra,MORENA,MORENA,25,25,0,0.78,2.57,2,2018-2019,21-08-2019,2.5,,,2014,2019,16
Madhya Pradesh,7,226,Shri Bodh Singh Bhagat,BALAGHAT,BALAGHAT,25,25,0,0.05,0.33,2,2018-2019,7/1/19,2.5,,,2014,2019,16
Madhya Pradesh,7,227,Shri Dileep Singh Bhuria,RATLAM(ST),JHABUA,5,5,0,0.81,0.81,2,2014-2015,27-11-2015,2.5,,Eligible MPR not Received.,2014,2019,16
Madhya Pradesh,7,228,Shri Jyotiraditya Madhavrao Scindia,GUNA,GUNA,25,25,0,3.45,4.97,2,2018-2019,7/1/19,2.5,,,2014,2019,16
Madhya Pradesh,7,229,Shri Faggan Singh Kulaste,MANDLA(ST),MANDLA,25,25,0,2.54,3.83,2,2018-2019,23-03-2020,2.5,,,2014,2019,16
Madhya Pradesh,7,230,Shri Gyan Singh,SHAHDOL (ST),SHAHDOL,12.5,12.5,0,2.12,3.8,2,2018-2019,25-01-2019,2.5,,,2014,2019,16
Madhya Pradesh,7,231,Shri Dalpat Singh Paraste,SHAHDOL (ST),SHAHDOL,12.5,12.5,0,2.62,2.73,1,2016-2017,16-12-2016,2.5,,,2014,2019,16
Madhya Pradesh,7,232,Shri Ganesh Singh,SATNA,SATNA,25,25,0,-0.18,0.41,2,2018-2019,27-12-2018,2.5,,,2014,2019,16
Madhya Pradesh,7,233,Shri Laxmi Narayan Yadav,SAGAR,SAGAR,25,25,0,0.16,0.58,2,2018-2019,16-08-2018,2.5,,,2014,2019,16
Madhya Pradesh,7,234,Shri Kantilal Bhuria,RATLAM(ST),JHABUA,20,17.5,2.5,-1.85,0.59,1,2018-2019,19-11-2019,2.5,2 / 2018-2019,Eligible MPR not Received.,2014,2019,16
Madhya Pradesh,7,235,Shri Janardan Mishra,REWA,REWA,25,25,0,4.22,5.93,2,2018-2019,15-01-2019,2.5,,,2014,2019,16
Madhya Pradesh,7,236,Shri kamal Kamal Nath,CHHINDWARA,CHHINDWARA,25,25,0,0.2,0.61,2,2018-2019,7/1/19,2.5,,,2014,2019,16
Madhya Pradesh,7,237,Shri Nand Kumar Singh Chauhan,KHANDWA,KHANDWA,25,25,0,2.14,4.05,2,2018-2019,29-10-2019,2.5,,,2014,2019,16
Madhya Pradesh,7,238,Shri Prahlad Singh Patel,DAMOH,DAMOH,25,25,0,-0.13,1.88,2,2018-2019,6/9/18,2.5,,,2014,2019,16
Madhya Pradesh,7,239,Shri Nagendra Singh,KHAJURAHO,PANNA,25,25,0,0.31,3.88,2,2018-2019,11/6/19,2.5,,,2014,2019,16
Madhya Pradesh,7,240,Shri Manhor Untwal,DEWAS(SC),DEWAS,25,25,0,0.45,0.47,2,2018-2019,4/10/18,2.5,,,2014,2019,16
Madhya Pradesh,7,241,Shri Rodmal Nagar,RAJGARH,RAJGARH,25,25,0,0.15,0.15,2,2018-2019,17-12-2018,2.5,,,2014,2019,16
Madhya Pradesh,7,242,Shri Narendra Singh Tomar,GWALIOR,GWALIOR,25,22.5,2.5,-0.69,1.69,1,2018-2019,31-07-2019,2.5,2 / 2018-2019,,2014,2019,16
Madhya Pradesh,7,243,Shri Sudheer Gupta,MANDSOUR,MANDSAUR,25,25,0,0.23,0.77,2,2018-2019,17-09-2019,2.5,,,2014,2019,16
Madhya Pradesh,7,244,Shri Rakesh Singh,JABALPUR,JABALPUR,25,25,0,0.31,0.79,2,2018-2019,10/10/19,2.5,,,2014,2019,16
Madhya Pradesh,7,245,Shri Uday Pratap Singh,HOSHANGABAD,HOSHANGABAD,25,25,0,0.93,1.6,2,2018-2019,21-08-2019,2.5,,,2014,2019,16
Madhya Pradesh,7,246,Smt. Jyoti Dhurve,BETUL(ST),BETUL,25,22.5,2.5,0.88,1.46,1,2018-2019,15-11-2019,2.5,2 / 2018-2019,,2014,2019,16
Madhya Pradesh,7,247,Shri Subhash Patel,KHARGONE(ST),KHARGAON,25,25,0,-0.04,0,2,2018-2019,8/7/19,2.5,,,2014,2019,16
Madhya Pradesh,7,248,Smt. Riti Pathak,SIDHI,SIDHI,25,25,0,1.05,3.09,2,2018-2019,1/10/19,2.5,,,2014,2019,16
Madhya Pradesh,7,249,Smt. Savitri Thakur,DHAR(ST),DHAR,25,25,0,0.46,0.59,2,2018-2019,27-12-2018,2.5,,,2014,2019,16
Madhya Pradesh,7,250,Smt. Sushma Swaraj,VIDISHA,RAISEN,25,25,0,2.2,3.44,2,2018-2019,8/2/19,2.5,,,2014,2019,16
Maharashtra,7,251,Dr. Subhash Ramrao Bhamre,DHULE,DHULE,25,22.5,2.5,-0.97,2.81,1,2018-2019,14-03-2022,2.5,2 / 2018-2019,,2014,2019,16
Maharashtra,7,252,Dr. Kirit Somaiya,MUMBAI NORTH EAST,MUMBAI SUBURBAN,25,25,0,-3.35,0.5,2,2018-2019,7/2/19,2.5,,,2014,2019,16
Maharashtra,7,253,Prof. Ravindra Vishwanath Gaikwad,OSMANABAD,OSMANABAD,25,25,0,1.31,2.57,2,2018-2019,17-06-2022,2.5,,,2014,2019,16
Maharashtra,7,254,Dr. Heena Vijaykumar Gavit,NANDURBAR(ST),NANDURBAR,25,22.5,2.5,-1.95,0.02,2,2018-2019,8/8/22,2.5,,,2014,2019,16
Maharashtra,7,255,Dr. Shrikant Eknath Shinde,KALYAN,THANE,25,22.5,2.5,-2.53,0,1,2018-2019,17-07-2019,2.5,2 / 2018-2019,,2014,2019,16
Maharashtra,7,256,Ms. Bhavana Gawali (Patil),YAVATMAL-WASHIM,WASIM,25,22.5,2.5,-2.5,5.38,1,2018-2019,20-12-2019,2.5,2 / 2018-2019,,2014,2019,16
Maharashtra,7,257,Shri A.T. (Nana) Patil,JALGAON,JALGAON,25,25,0,0.82,3.53,2,2018-2019,29-06-2022,2.5,,,2014,2019,16
Maharashtra,7,258,Shri Anant Gangaram Geete,RAIGAD,RAIGAD,25,25,0,1.14,1.84,2,2018-2019,17-09-2019,2.5,,,2014,2019,16
Maharashtra,7,259,Shri Anandrao Adsul,AMRAVATI(SC),AMRAVATI,25,22.5,2.5,-2.36,2.12,1,2018-2019,4/2/22,2.5,2 / 2018-2019,,2014,2019,16
Maharashtra,7,260,Dr Pritam Gopinath Munde,BEED,BEED,25,17.5,7.5,-6.74,0.19,2,2016-2017,12/6/19,2.5,"1 / 2018-2019,2 / 2018-2019,2 / 2017-2018",,2014,2019,16
Maharashtra,7,261,Dr. Sunil Baliram Gaikwad,LATUR(SC),LATUR,25,22.5,2.5,-1.55,2.54,1,2018-2019,15-07-2019,2.5,2 / 2018-2019,,2014,2019,16
Maharashtra,7,262,Shri Ashok Mahadeorao Nete,GADCHIROLI-CHIMUR(ST),GARCHIROLI,25,22.5,2.5,-2.2,0.11,1,2018-2019,3/9/19,2.5,2 / 2018-2019,,2014,2019,16
Maharashtra,7,263,Shri Arvind Ganpat Sawant,MUMBAI SOUTH,MUMBAI CITY,25,25,0,-0.18,2.56,2,2018-2019,25-03-2022,2.5,,,2014,2019,16
Maharashtra,7,264,Shri Ashok Shankarrao Chavan,NANDED,NANDED,25,22.5,2.5,-1.65,2.66,1,2018-2019,30-05-2022,2.5,2 / 2018-2019,,2014,2019,16
Maharashtra,7,265,Shri Chandrakant Bhaurao Khaire,AURANGABAD,AURANGABAD,25,25,0,0.86,4.29,2,2018-2019,11/3/22,2.5,,,2014,2019,16
Maharashtra,7,266,Shri Gajanan Chandrakant Kirtikar,MUMBAI NORTH WEST,MUMBAI SUBURBAN,25,22.5,2.5,-4.08,3.36,1,2018-2019,31-03-2021,2.5,2 / 2018-2019,,2014,2019,16
Maharashtra,7,267,Shri Chandu  Barne Shrirang,MAVAL,PUNE,25,25,0,-0.11,2.92,2,2018-2019,30-05-2022,2.5,,,2014,2019,16
Maharashtra,7,268,Shri Anil Shirole,PUNE,PUNE,25,22.5,2.5,-2.89,0.07,1,2018-2019,14-08-2019,2.5,2 / 2018-2019,,2014,2019,16
Maharashtra,7,269,Shri Chintaman Navsha Wanaga,PALGHAR(ST),Palghar,20,17.5,2.5,2.4,2.6,1,2017-2018,30-10-2018,2.5,2 / 2017-2018,,2014,2019,16
Maharashtra,7,270,Shri Harishchandra Deoram Chavan,DINDORI(ST),NASHIK,25,22.5,2.5,-2.38,0.05,1,2018-2019,6/11/19,2.5,2 / 2018-2019,,2014,2019,16
Maharashtra,7,271,Shri Dhananjay Bhimrao Mahadik,KOLHAPUR,KOLHAPUR,25,22.5,2.5,-1.99,2.48,1,2018-2019,17-06-2022,2.5,2 / 2018-2019,,2014,2019,16
Maharashtra,7,272,Shri Hansraj Gangaram Ahir,CHANDRAPUR,CHANDRAPUR,25,25,0,0,3.34,2,2018-2019,27-06-2019,2.5,,,2014,2019,16
Maharashtra,7,273,Shri Hemant Tukaram Godse,NASHIK,NASHIK,25,22.5,2.5,-1.76,0.48,1,2018-2019,29-10-2019,2.5,2 / 2018-2019,,2014,2019,16
Maharashtra,7,274,Shri Gopal Chinayya Shetty,MUMBAI NORTH,MUMBAI SUBURBAN,25,22.5,2.5,-2.45,0.49,1,2018-2019,24-06-2022,2.5,2 / 2018-2019,,2014,2019,16
Maharashtra,7,275,Shri Dilip Kumar Mansukhlal Gandhi,AHMEDNAGAR,AHMADNAGAR,25,22.5,2.5,-2.27,0.45,2,2018-2019,2/8/22,2.5,,,2014,2019,16
Maharashtra,7,276,Shri Kapil Moreshwar Patil,BHIWANDI,THANE,25,22.5,2.5,-2.3,0,2,2018-2019,5/8/22,2.5,,,2014,2019,16
Maharashtra,7,277,Shri Krupal Balaji Tumane,RAMTEK(SC),NAGPUR,25,22.5,2.5,-2,3.23,1,2018-2019,14-08-2019,2.5,2 / 2018-2019,,2014,2019,16
Maharashtra,7,278,Shri Rajendra Dhedya Gavit,PALGHAR(ST),Palghar,5,5,0,0.41,0.64,2,2018-2019,12/2/19,2.5,,,2014,2019,16
Maharashtra,7,279,Shri Prataprao Ganpatrao Jadhav,BULDHANA,BULDANA,25,25,0,1.76,2.51,2,2018-2019,2/6/22,2.5,,,2014,2019,16
Maharashtra,7,280,Shri Rajeev Shankarrao Satav,HINGOLI,HINGOLI,25,22.5,2.5,-1.09,0.65,1,2018-2019,10/6/19,2.5,2 / 2018-2019,,2014,2019,16
Maharashtra,7,281,Shri Madhukarrao Yashwantrao Kukde,BHANDARA-GONDIYA,BHANDARA,5,5,0,2.85,3.53,2,2018-2019,13-02-2019,2.5,,,2014,2019,16
Maharashtra,7,282,Shri Nanabhau Falgunrao Patole,BHANDARA-GONDIYA,BHANDARA,17.5,17.5,0,17.5,17.5,2,2016-2017,17-07-2018,2.5,,,2014,2019,16
Maharashtra,7,283,Shri Nitin Jairam Gadkari,NAGPUR,NAGPUR,25,22.5,2.5,-1.97,2.9,1,2018-2019,7/8/19,2.5,2 / 2018-2019,,2014,2019,16
Maharashtra,7,284,Shri Rahul Ramesh Shewale,MUMBAI SOUTH CENTRAL,MUMBAI SUBURBAN,25,22.5,2.5,-2.86,2.55,1,2018-2019,22-06-2022,2.5,2 / 2018-2019,,2014,2019,16
Maharashtra,7,285,Shri Sanjay(Kaka) Ramchandra Patil,SANGLI,SANGLI,25,22.5,2.5,-2.61,1.56,2,2017-2018,30-08-2019,2.5,2 / 2018-2019,,2014,2019,16
Maharashtra,7,286,Shri Ramdas Chandrabhanji Tadas,WARDHA,WARDHA,25,25,0,0.66,4.14,2,2018-2019,17-01-2019,2.5,,,2014,2019,16
Maharashtra,7,287,Shri Raju alias Devappa Anna Shetti,HATKANANGLE,KOLHAPUR,25,25,0,-0.16,2.48,2,2018-2019,17-06-2022,2.5,,,2014,2019,16
Maharashtra,7,288,Shri Raosaheb Patil Danve,JALNA,JALNA,25,22.5,2.5,-1.57,5.18,1,2018-2019,9/3/22,2.5,2 / 2018-2019,,2014,2019,16
Maharashtra,7,289,Shri Sanjay Shamrao Dhotre,AKOLA,AKOLA,25,22.5,2.5,-2.43,2.51,1,2018-2019,25-03-2022,2.5,2 / 2018-2019,,2014,2019,16
Maharashtra,7,290,Shri Rajan Baburao Vichare,THANE,THANE,25,22.5,2.5,-2.7,0.04,1,2018-2019,17-07-2019,2.5,2 / 2018-2019,,2014,2019,16
Maharashtra,7,291,Shri Sanjay Haribhau Jadhav,PARBHANI,PARBHANI,25,25,0,0.1,2.37,2,2018-2019,30-05-2022,2.5,,,2014,2019,16
Maharashtra,7,292,Shri Shivaji Adhalrao Patil,SHIRUR,PUNE,25,22.5,2.5,-2.93,2.53,1,2018-2019,21-03-2022,2.5,2 / 2018-2019,,2014,2019,16
Maharashtra,7,293,Shri Udayanraje  Pratapsingh Bhonsle,SATARA,SATARA,25,22.5,2.5,-1.74,5.01,1,2018-2019,14-02-2022,2.5,2 / 2018-2019,,2014,2019,16
Maharashtra,7,294,Shri Vijaysinh Mohite Patil,MADHA,SOLAPUR,25,22.5,2.5,-2.05,5.3,1,2018-2019,19-02-2020,2.5,2 / 2018-2019,,2014,2019,16
Maharashtra,7,295,Shri Sadashiv Kisan Lokhande,SHIRDI(SC),AHMADNAGAR,25,22.5,2.5,-2.78,0,2,2018-2019,2/8/22,2.5,,,2014,2019,16
Maharashtra,7,296,Shri Sharad Bansode,SOLAPUR(SC),SOLAPUR,25,22.5,2.5,-1.91,5.02,1,2018-2019,2/3/20,2.5,2 / 2018-2019,,2014,2019,16
Maharashtra,7,297,Smt. Supriya Sadanand Sule,BARAMATI,PUNE,25,22.5,2.5,-2.38,5.01,1,2018-2019,14-03-2022,2.5,2 / 2018-2019,,2014,2019,16
Maharashtra,7,298,Smt. Poonam Mahajan,MUMBAI NORTH-CENTRAL,MUMBAI SUBURBAN,25,25,0,-3.13,0.42,2,2018-2019,25-07-2019,2.5,,,2014,2019,16
Maharashtra,7,299,Smt. Raksha Nikhil Khadse,RAVER,JALGAON,25,25,0,1.31,2.51,2,2018-2019,29-06-2022,2.5,,,2014,2019,16
Maharashtra,7,300,Shri Vinayak Bhaurao Raut,RATNAGIRI-SINDHUDURG,SINDHUDURG,25,22.5,2.5,-2.28,2.56,1,2018-2019,23-03-2022,2.5,2 / 2018-2019,,2014,2019,16
Manipur,7,301,Dr. Thokchom Meinya,INNER MANIPUR,IMPHAL WEST,25,25,0,-0.2,0.27,2,2018-2019,27-11-2018,2.5,,,2014,2019,16
Manipur,7,302,Shri Thangso Baite,OUTER MANIPUR(ST),CHURACHANDPUR,25,25,0,0.27,0.77,2,2018-2019,24-12-2018,2.5,,,2014,2019,16
Meghalaya,7,303,Shri Conrad Kongkal Sangma,TURA,WEST GARO HILLS,15,12.5,2.5,0.79,0.92,1,2018-2019,11/6/19,2.5,2 / 2018-2019,,2014,2019,16
Meghalaya,7,304,Shri Purno Agitok Sangma,TURA,WEST GARO HILLS,10,10,0,0.13,0.13,2,2015-2016,27-01-2016,2.5,,,2014,2019,16
Meghalaya,7,305,Shri Vincent H Pala,SHILLONG,EAST KHASI HILLS,25,25,0,1.88,3.06,2,2018-2019,11/3/20,2.5,,,2014,2019,16
Mizoram,7,306,Shri C. L. Ruala,MIZORAM (ST),AIZAWL,25,25,0,0.14,0.18,2,2018-2019,29-01-2019,2.5,,,2014,2019,16
Nagaland,7,307,Shri Neiphiu Rio,NAGALAND,DIMAPUR,20,20,0,0.12,0,2,2017-2018,4/10/17,2.5,,,2014,2019,16
Nagaland,7,308,Shri Tokheho ,NAGALAND,DIMAPUR,5,5,0,0.02,0.02,2,2018-2019,27-11-2018,2.5,,,2014,2019,16
Nominated,7,309,Prof.(Dr.) Richard Hay,CENTRAL1,THIRUVANANTHAPURAM,17.5,17.5,0,1.59,2.58,2,2018-2019,29-03-2022,2.5,,,2014,2019,16
Nominated,7,310,Shri George Baker,CENTRAL2,SOUTH TWENTY FOUR PARGANAS,17.5,17.5,0,0.16,3.78,2,2018-2019,28-02-2022,2.5,,,2014,2019,16
Odisha,7,311,Dr. Kulamani Samal,JAGATSINGHPUR(SC),JAGATSINGHPUR,25,25,0,0.34,1.14,2,2018-2019,7/2/19,2.5,,,2014,2019,16
Odisha,7,312,Dr. Prabhas Kumar Singh,BARGARH,BARAGARH,25,25,0,0.07,0.57,2,2018-2019,7/8/19,2.5,,,2014,2019,16
Odisha,7,313,"Shri Baijayant ""Jay"" Panda",KENDRAPARA,KENDRAPARA,22.5,17.5,5,0.45,1.88,1,2017-2018,16-03-2018,2.5,"1 / 2018-2019,2 / 2017-2018",,2014,2019,16
Odisha,7,314,Shri Arjun Charan Sethi,BHADRAK(SC),BHADRAK,25,25,0,2.56,2.88,2,2018-2019,1/7/19,2.5,,,2014,2019,16
Odisha,7,315,Shri Bhartruhari Mahtab,CUTTACK,CUTTACK,25,22.5,2.5,2.51,2.71,1,2018-2019,2/3/20,2.5,2 / 2018-2019,,2014,2019,16
Odisha,7,316,Shri Arka Keshari Deo,KALAHANDI,KALAHANDI,25,25,0,0.21,4.17,2,2018-2019,29-06-2022,2.5,,,2014,2019,16
Odisha,7,317,Shri Balabhadra Majhi,NABARANGPUR(ST),NABARANGPUR,25,25,0,0.5,3.89,2,2018-2019,27-02-2020,2.5,,,2014,2019,16
Odisha,7,318,Shri Jual Oram,SUNDARGARH (ST),SUNDARGARH,25,25,0,-0.15,4.68,2,2018-2019,31-07-2019,2.5,,,2014,2019,16
Odisha,7,319,Shri Jhina Hikaka,KORAPUT(ST),RAYAGADA,25,12.5,12.5,5.16,5.49,2,2015-2016,15-12-2017,2.5,"1 / 2017-2018,1 / 2018-2019,2 / 2018-2019,2 / 2017-2018,2 / 2016-2017",,2014,2019,16
Odisha,7,320,Shri Kalikesh Narayan Singh Deo,BOLANGIR,BOLANGIR,25,25,0,1.62,4.81,2,2018-2019,7/8/19,2.5,,,2014,2019,16
Odisha,7,321,Shri Hemendra Chandra Singh,KANDHAMAL,KANDHAMAL,,,,0,0,,,,0,,,2014,2019,16
Odisha,7,322,Shri Nagendra Kumar Pradhan,SAMBALPUR,ANGUL,25,17.5,7.5,0.02,0.02,1,2017-2018,20-09-2018,2.5,"1 / 2018-2019,2 / 2018-2019,2 / 2017-2018",,2014,2019,16
Odisha,7,323,Shri Rabindra Kumar Jena,BALASORE,BALASORE,25,25,0,2.24,4.3,2,2018-2019,11/3/20,2.5,,,2014,2019,16
Odisha,7,324,Shri Ladu Kishore Swain,ASKA,GANJAM,25,22.5,2.5,-0.32,3.47,1,2018-2019,30-06-2022,2.5,2 / 2018-2019,,2014,2019,16
Odisha,7,325,Shri Pinaki Misra,PURI,PURI,25,25,0,0.92,3.27,2,2018-2019,21-08-2019,2.5,,,2014,2019,16
Odisha,7,326,Shri Rama Chandra Hansdah,MAYURBHANJ (ST),MAYURBHANJ,25,25,0,-0.15,3.84,2,2018-2019,6/3/20,2.5,,,2014,2019,16
Odisha,7,327,Shri Prasanna Kumar Patasani,BHUBANESWAR,KHORDHA,25,25,0,3.47,4.96,2,2018-2019,25-01-2019,2.5,,,2014,2019,16
Odisha,7,328,Shri Tathagata Satpathy,DHENKANAL,DHENKANAL,25,22.5,2.5,0.12,2.16,1,2018-2019,27-02-2020,2.5,2 / 2018-2019,,2014,2019,16
Odisha,7,329,Smt Pratyusha Rajeshwari Singh,KANDHAMAL,KANDHAMAL,25,22.5,2.5,2.51,4.27,1,2018-2019,11/2/19,2.5,2 / 2018-2019,,2014,2019,16
Odisha,7,330,Shri Sidhant Mohapatra,BERHAMPUR,GANJAM,25,22.5,2.5,-1.91,3.06,1,2018-2019,23-06-2022,2.5,2 / 2018-2019,,2014,2019,16
Odisha,7,331,Smt. Sakuntala Laguri,KEONJHAR(ST),KEONJHAR,25,25,0,0.13,2.88,2,2018-2019,31-05-2022,2.5,,,2014,2019,16
Odisha,7,332,Smt. Rita Tarai,JAJPUR(SC),JAJPUR,25,22.5,2.5,2.49,3.77,1,2018-2019,25-03-2022,2.5,2 / 2018-2019,,2014,2019,16
Puducherry,7,333,Shri R. Radhakrishnan,PONDICHERRY,PONDICHERRY,25,25,0,-0.85,3.78,2,2018-2019,27-05-2022,2.5,,,2014,2019,16
Punjab,7,334,Prof. Sadhu Singh,FARIDKOT(SC),FARIDKOT,25,25,0,3.04,3.09,2,2018-2019,27-05-2019,2.5,,,2014,2019,16
Punjab,7,335, Amarinder Singh,AMRITSAR,AMRITSAR,15,15,0,1.92,2.42,2,2016-2017,22-12-2016,2.5,,,2014,2019,16
Punjab,7,336,Dr. Dharam Vira Gandhi,PATIALA,PATIALA,25,25,0,0.52,0.77,2,2018-2019,3/10/18,2.5,,,2014,2019,16
Punjab,7,337,Shri Bhagwant Mann,SANGRUR,SANGRUR,25,25,0,0.47,1.31,2,2018-2019,25-01-2019,2.5,,,2014,2019,16
Punjab,7,338,Shri Gurjeet Singh Aujla,AMRITSAR,AMRITSAR,10,10,0,2.72,4.34,2,2018-2019,8/10/18,2.5,,,2014,2019,16
Punjab,7,339,Shri Harinder Singh Khalsa,FATEHGARH SAHIB(SC),LUDHIANA,25,25,0,0.5,2.9,2,2018-2019,29-01-2019,2.5,,,2014,2019,16
Punjab,7,340,Shri Prem Singh Chandumajra,ANANDPUR SAHIB,SAHIBZADA AJIT SINGH NAGAR,25,25,0,1.13,1.38,2,2018-2019,29-01-2019,2.5,,,2014,2019,16
Punjab,7,341,Shri Santokh Singh Chaudhary,JALANDHAR(SC),JALANDHAR,25,25,0,0.58,1.35,2,2018-2019,10/6/19,2.5,,,2014,2019,16
Punjab,7,342,Shri Ranjit Singh Brahmpura,KHADOOR SAHIB,TARN TARAN,25,25,0,1.28,1.55,2,2018-2019,10/6/19,2.5,,,2014,2019,16
Punjab,7,343,Shri Ravneet Singh,LUDHIANA,LUDHIANA,25,25,0,0.26,2,2,2018-2019,13-02-2019,2.5,,,2014,2019,16
Punjab,7,344,Shri Sher Singh Ghubaya,FIROZPUR,FIROZEPUR,25,25,0,0.26,0.36,2,2018-2019,17-09-2018,2.5,,,2014,2019,16
Punjab,7,345,Shri Vijay Sampla,HOSHIARPUR(SC),HOSHIARPUR,25,22.5,2.5,0.14,0.33,1,2018-2019,25-01-2019,2.5,2 / 2018-2019,"Audit Certificate Pending, Bank Statement Awaited, Eligible MPR not Received, Utilisation Certificate Pending.",2014,2019,16
Punjab,7,346,Smt. Harsimrat Kaur Badal,BHATINDA,BHATINDA,25,25,0,1.55,1.76,2,2018-2019,1/11/19,2.5,,,2014,2019,16
Punjab,7,347,Shri Sunil Kumar Jakhar,GURDASPUR,GURDASPUR,15,12.5,2.5,-2.17,2.94,1,2018-2019,18-05-2022,2.5,2 / 2018-2019,"Audit Certificate Pending, Eligible MPR not Received, Utilisation Certificate Pending.",2014,2019,16
Punjab,7,348,Shri Vinod Khanna,GURDASPUR,PATHANKOT,10,10,0,2.25,3.85,2,2015-2016,29-06-2017,2.5,,"Audit Certificate Pending, Eligible MPR not Received, Utilisation Certificate Pending.",2014,2019,16
Rajasthan,7,349, Rajyavardhan Singh Rathore,JAIPUR RURAL,JAIPUR,25,22.5,2.5,-2.42,5.03,1,2018-2019,31-12-2019,2.5,2 / 2018-2019,"Audit Certificate Pending, Eligible MPR not Received, Utilisation Certificate Pending.",2014,2019,16
Rajasthan,7,350, Sona Ram Choudhary,BARMER,BARMER,25,17.5,7.5,0.28,0.67,1,2017-2018,10/4/18,2.5,"1 / 2018-2019,2 / 2018-2019,2 / 2017-2018","Audit Certificate Pending, Eligible MPR not Received, Utilisation Certificate Pending.",2014,2019,16
Rajasthan,7,351,Dr Karan Singh Yadav,ALWAR,ALWAR,20,17.5,2.5,17.68,17.64,1,2018-2019,10/4/18,2.5,2 / 2018-2019,"Audit Certificate Pending, Eligible MPR not Received, Utilisation Certificate Pending.",2014,2019,16
Rajasthan,7,352,Shri Arjunlal Meena,UDAIPUR(ST),UDAIPUR,25,25,0,-1,2.54,2,2018-2019,27-02-2020,2.5,,,2014,2019,16
Rajasthan,7,353,Shri Bahadur Singh Koli,BHARATPUR(SC),BHARATPUR,25,25,0,0.57,3.97,2,2018-2019,10/10/19,2.5,,,2014,2019,16
Rajasthan,7,354,Dr. Manoj Rajoria,KARAULI-DHOLPUR(SC),KARAULI,25,22.5,2.5,0.94,0.68,1,2018-2019,10/6/19,2.5,2 / 2018-2019,"Audit Certificate Pending, Eligible MPR not Received, Utilisation Certificate Pending.",2014,2019,16
Rajasthan,7,355,Dr.(Shri) Raghu Sharma,AJMER,AJMER,5,5,0,2.23,3.73,2,2018-2019,29-01-2019,2.5,,,2014,2019,16
Rajasthan,7,356,Shri Chandra Prakash Joshi,CHITTORGARH,CHITTORGARH,25,25,0,2.01,2.01,2,2018-2019,10/6/19,2.5,,,2014,2019,16
Rajasthan,7,357,Shri C.R. Chaudhary,NAGAUR,NAGAUR,25,22.5,2.5,-3.19,0.16,2,2017-2018,3/10/18,2.5,2 / 2018-2019,"Audit Certificate Pending, Eligible MPR not Received, Utilisation Certificate Pending.",2014,2019,16
Rajasthan,7,358,Shri Dushyant Singh,JHALAWAR-BARAN,JHALAWAR,25,22.5,2.5,-1.43,0.29,2,2017-2018,21-12-2018,2.5,2 / 2018-2019,"Audit Certificate Pending, Eligible MPR not Received, Utilisation Certificate Pending.",2014,2019,16
Rajasthan,7,359,Shri Arjun Ram Meghwal,BIKANER(SC),BIKANER,25,25,0,0,3.31,2,2018-2019,31-10-2019,2.5,,,2014,2019,16
Rajasthan,7,360,Shri Hariom Singh Rathore,RAJSAMAND,RAJSAMAND,25,22.5,2.5,0.93,2.58,1,2018-2019,30-03-2020,2.5,2 / 2018-2019,"Audit Certificate Pending, Eligible MPR not Received, Utilisation Certificate Pending.",2014,2019,16
Rajasthan,7,361,Shri Harish Chandra Meena,DAUSA(ST),DAUSA,25,22.5,2.5,0.14,1.96,2,2017-2018,20-12-2019,2.5,2 / 2018-2019,"Audit Certificate Pending, Eligible MPR not Received, Utilisation Certificate Pending.",2014,2019,16
Rajasthan,7,362,Shri Chand Nath,ALWAR,ALWAR,2.5,2.5,0,2.63,2.63,1,2014-2015,20-11-2014,2.5,,"Audit Certificate Pending, Eligible MPR not Received, Utilisation Certificate Pending.",2014,2019,16
Rajasthan,7,363,Shri Devji Mansingram Patel,JALORE,JALORE,25,20,5,-1.07,0.77,2,2017-2018,11/6/19,2.5,"1 / 2018-2019,2 / 2018-2019","Eligible MPR not Received, Provisional Utilisation Certificate Pending.",2014,2019,16
Rajasthan,7,364,Shri Gajendra Singh Shekhawat,JODHPUR,JODHPUR,25,20,5,0.8,2,2,2017-2018,1/11/19,2.5,"1 / 2018-2019,2 / 2018-2019","Eligible MPR not Received, Provisional Utilisation Certificate Pending.",2014,2019,16
Rajasthan,7,365,Shri Manshankar Ninama,BANSWARA(ST),BANSWARA,25,25,0,-0.15,3.44,2,2018-2019,30-01-2020,2.5,,,2014,2019,16
Rajasthan,7,366,Shri Nihal Chand Chauhan,GANGANAGAR(SC),SRIGANGANAGAR,25,25,0,-0.38,0.75,2,2018-2019,5/10/18,2.5,,,2014,2019,16
Rajasthan,7,367,Shri P.P. Chaudhary,PALI,PALI,25,25,0,0.28,2.24,2,2018-2019,10/6/19,2.5,,,2014,2019,16
Rajasthan,7,368,Shri Om Birla,KOTA,KOTA,25,20,5,-1.85,2.64,2,2017-2018,3/6/22,2.5,"1 / 2018-2019,2 / 2018-2019",,2014,2019,16
Rajasthan,7,369,Shri Rahul Kaswan,CHURU,CHURU,25,25,0,2.17,3.44,2,2018-2019,10/5/22,2.5,,,2014,2019,16
Rajasthan,7,370,Shri Sanwar Lal Jat,AJMER,AJMER,20,20,0,1.32,2.65,2,2017-2018,16-08-2018,2.5,,,2014,2019,16
Rajasthan,7,371,Shri Sukhbir Singh Jaunpuria,TONK-SAWAI MADHOPUR,TONK,25,25,0,0.56,4.46,2,2018-2019,15-11-2019,2.5,,,2014,2019,16
Rajasthan,7,372,Shri Ramcharan Bohara,JAIPUR,JAIPUR,25,17.5,7.5,-6.64,3.24,1,2017-2018,20-03-2020,2.5,"1 / 2018-2019,2 / 2018-2019,2 / 2017-2018","Audit Certificate Pending, Eligible MPR not Received, Utilisation Certificate Pending.",2014,2019,16
Rajasthan,7,373,Shri Subhash Chandra Baheria,BHILWARA,BHILWARA,25,22.5,2.5,-1.95,5.04,1,2018-2019,14-08-2019,2.5,2 / 2018-2019,"Audit Certificate Pending, Eligible MPR not Received, Utilisation Certificate Pending.",2014,2019,16
Rajasthan,7,374,Shri Sumedhanand Saraswati,SIKAR,SIKAR,25,25,0,1.98,3.94,2,2018-2019,27-06-2022,2.5,,,2014,2019,16
Rajasthan,7,375,Smt. Santosh Ahlawat,JHUNJHUNU,JHUNJHUNU,27.5,25,2.5,-2.22,0.07,2,2018-2019,8/8/22,2.5,,,2014,2019,16
Sikkim,7,376,Shri Prem Das Rai,SIKKIM,EAST DISTRICT,25,25,0,0.37,0.95,2,2018-2019,31-03-2021,2.5,,,2014,2019,16
Tamil Nadu,7,377,Dr. K. Kamaraaj,KALLAKURICHI,VILLUPURAM,25,25,0,0.32,2.51,2,2018-2019,24-03-2022,2.5,,,2014,2019,16
Tamil Nadu,7,378,Dr. Munisamy Thambidurai,KARUR,KARUR,25,22.5,2.5,0.36,0.72,1,2018-2019,31-07-2019,2.5,2 / 2018-2019,"Audit Certificate Pending, Eligible MPR not Received, Utilisation Certificate Pending.",2014,2019,16
Tamil Nadu,7,379,Shri A. Arunmozhithevan,CUDDALORE,CUDDALORE,25,25,0,-0.07,0.39,2,2018-2019,25-01-2019,2.5,,,2014,2019,16
Tamil Nadu,7,380,Dr. Ponnusamy Venugopal,TIRUVALLUR(SC),TIRUVALLUR,25,22.5,2.5,-0.92,0.16,1,2018-2019,24-09-2019,2.5,2 / 2018-2019,"Audit Certificate Pending, Eligible MPR not Received, Utilisation Certificate Pending.",2014,2019,16
Tamil Nadu,7,381,Dr. Anbumani Ramadoss,DHARAMAPURI,DHARMAPURI,25,25,0,0.28,2.59,2,2018-2019,21-03-2022,2.5,,,2014,2019,16
Tamil Nadu,7,382,Dr. K. Gopal,NAGAPATTINAM(SC),THIRUVARUR,25,25,0,0.13,0.16,2,2018-2019,7/8/19,2.5,,,2014,2019,16
Tamil Nadu,7,383,Dr. Jayakumar Jayavardhan,CHENNAI SOUTH,CHENNAI,25,22.5,2.5,-0.71,0.06,1,2018-2019,12/9/19,2.5,2 / 2018-2019,"Audit Certificate Pending, Eligible MPR not Received, Utilisation Certificate Pending.",2014,2019,16
Tamil Nadu,7,384,Shri C. Mahendran,POLLACHI,TIRUPUR,25,25,0,1.48,2.73,2,2018-2019,29-01-2019,2.5,,,2014,2019,16
Tamil Nadu,7,385,Shri Elumalai Vellaigounder,ARANI,TIRUVANNAMALAI,25,25,0,0.25,2.92,2,2018-2019,21-03-2022,2.5,,,2014,2019,16
Tamil Nadu,7,386,Shri Balasubramaniam Senguttuvan,VELLORE,VELLORE,25,25,0,0.54,2.54,2,2018-2019,15-06-2022,2.5,,,2014,2019,16
Tamil Nadu,7,387,Shri Gopalakrishnan Chinnaraj,NILGIRIS(SC),NILGIRIS,25,22.5,2.5,-1.51,0.48,1,2018-2019,29-05-2018,2.5,2 / 2018-2019,"Audit Certificate Pending, Eligible MPR not Received, Utilisation Certificate Pending.",2014,2019,16
Tamil Nadu,7,388,Shri Anwhar Raajhaa,RAMANATHAPURAM,RAMANATHAPURAM,25,25,0,0.12,1,2,2018-2019,14-02-2020,2.5,,,2014,2019,16
Tamil Nadu,7,389,Shri G. Hari,ARAKKONAM,VELLORE,25,25,0,0.72,2.53,2,2018-2019,30-03-2020,2.5,,,2014,2019,16
Tamil Nadu,7,390,Shri J. Jayasingh Thiyagaraj Natterjee,THOOTHUKKUDI,TUTICORIN,25,25,0,0.27,2.88,2,2018-2019,9/10/19,2.5,,,2014,2019,16
Tamil Nadu,7,391,Shri K. Ashok Kumar,KRISHNAGIRI,KRISHNAGIRI,25,25,0,0.52,2.46,2,2018-2019,17-12-2018,2.5,,,2014,2019,16
Tamil Nadu,7,392,Shri Krishnan Narayanasamy Ramachandran,SRIPERUMBUDUR,KANCHIPURAM,30,30,0,1.38,3.13,2,2018-2019,8/6/22,2.5,,,2014,2019,16
Tamil Nadu,7,393,Shri K.R.P. Prabakaran,TIRUNELVELI,TIRUNELVELI,25,25,0,0.44,0.63,2,2018-2019,22-02-2022,2.5,,,2014,2019,16
Tamil Nadu,7,394,Shri M. Chandrakasi,CHIDAMBARAM(SC),CUDDALORE,25,25,0,-0.16,0.1,2,2018-2019,9/1/19,2.5,,,2014,2019,16
Tamil Nadu,7,395,Shri R.K. Bharathi Mohan,MAYILADUTHURAI,THANJAVUR,25,25,0,0.65,2.54,2,2018-2019,9/3/22,2.5,,,2014,2019,16
Tamil Nadu,7,396,Shri Pon Radhakrishnan,KANNIYAKUMARI,KANNIYAKUMARI,25,22.5,2.5,-0.44,0.46,1,2018-2019,19-02-2020,2.5,2 / 2018-2019,"Audit Certificate Pending, Eligible MPR not Received, Utilisation Certificate Pending.",2014,2019,16
Tamil Nadu,7,397,Shri R. Parthipan,THENI,THENI,25,25,0,1.98,3.1,2,2018-2019,24-03-2022,2.5,,,2014,2019,16
Tamil Nadu,7,398,Shri Nagarajan P.,COIMBATORE,COIMBATORE,25,25,0,0.7,1.2,2,2018-2019,10/10/19,2.5,,,2014,2019,16
Tamil Nadu,7,399,Shri P. Kumar,TIRUCHIRAPPALLI,TIRUCHIRAPPALLI,25,25,0,1.35,1.42,2,2018-2019,21-08-2019,2.5,,,2014,2019,16
Tamil Nadu,7,400,Shri Parasuraman K.,THANJAVUR,THANJAVUR,25,25,0,1.12,1.62,2,2018-2019,15-10-2019,2.5,,,2014,2019,16
Tamil Nadu,7,401,Shri P.R. Sundaram,NAMAKKAL,NAMAKKAL,25,25,0,0.04,0.13,2,2018-2019,26-09-2019,2.5,,,2014,2019,16
Tamil Nadu,7,402,Shri PR. Senthilnathan,SIVAGANGA,SIVAGANGA,25,25,0,0.03,0.05,2,2018-2019,27-06-2019,2.5,,,2014,2019,16
Tamil Nadu,7,403,Shri M. Udhayakumar,DINDIGUL,DINDIGUL,25,25,0,1.47,0.5,2,2018-2019,25-01-2019,2.5,,,2014,2019,16
Tamil Nadu,7,404,Shri S. Rajendran,VILUPPURAM(SC),VILLUPURAM,25,25,0,-0.21,2.56,2,2018-2019,24-03-2022,2.5,,,2014,2019,16
Tamil Nadu,7,405,Shri S.Selvakumara Chinnayan,ERODE,ERODE,25,25,0,0.35,0.4,2,2018-2019,11/10/19,2.5,,,2014,2019,16
Tamil Nadu,7,406,Shri R. Gopalakrishnan,MADURAI,MADURAI,25,25,0,0.11,0.65,2,2018-2019,3/9/19,2.5,,,2014,2019,16
Tamil Nadu,7,407,Shri R.P. Marutharajaa,PERAMBALUR,PERAMBALUR,25,25,0,0.01,0.46,2,2018-2019,17-12-2018,2.5,,,2014,2019,16
Tamil Nadu,7,408,Shri T.G. Venkatesh Babu,CHENNAI NORTH,CHENNAI,32.5,30,2.5,2.32,3.49,2,2017-2018,4/9/19,2.5,2 / 2018-2019,"Audit Certificate Pending, Eligible MPR not Received, Utilisation Certificate Pending.",2014,2019,16
Tamil Nadu,7,409,Smt. R. Vanaroja,TIRUVANNAMALAI,TIRUVANNAMALAI,25,25,0,0.29,0.4,2,2018-2019,19-02-2020,2.5,,,2014,2019,16
Tamil Nadu,7,410,Shri T. Radhakrishnan,VIRUDHUNAGAR,VIRUDHUNAGAR,25,25,0,0.55,1.12,2,2018-2019,29-01-2019,2.5,,,2014,2019,16
Tamil Nadu,7,411,Smt. K. Maragatham,KANCHEEPURAM(SC),KANCHIPURAM,25,25,0,1.04,2.9,2,2018-2019,31-07-2019,2.5,,,2014,2019,16
Tamil Nadu,7,412,Smt. Vasanthi M.,TENKASI(SC),TIRUNELVELI,25,25,0,0.57,0.63,2,2018-2019,22-02-2022,2.5,,,2014,2019,16
Tamil Nadu,7,413,Smt. V. Sathyabama,TIRUPPUR,ERODE,25,25,0,0.69,0.76,2,2018-2019,15-01-2020,2.5,,,2014,2019,16
Tamil Nadu,7,414,Shri Vijay Kumar S.R.,CHENNAI CENTRAL,CHENNAI,25,25,0,-0.24,0.32,2,2018-2019,10/10/19,2.5,,,2014,2019,16
Tamil Nadu,7,415,Shri V. Panneer Selvam,SALEM,SALEM,25,25,0,0.8,1.2,2,2018-2019,25-01-2019,2.5,,,2014,2019,16
Telangana,7,416,Dr. Boora Narsaiah Goud,BHONGIR,Yadadri Bhuvanagiri,25,22.5,2.5,0.58,2.93,1,2018-2019,23-03-2022,2.5,2 / 2018-2019,"Audit Certificate Pending, Eligible MPR not Received, Utilisation Certificate Pending.",2014,2019,16
Telangana,7,417,Prof. Seetaram Ajmeera Naik,MAHABUBABAD,MAHABUBABAD,25,22.5,2.5,0.78,5,2,2017-2018,29-01-2019,2.5,2 / 2018-2019,"Audit Certificate Pending, Eligible MPR not Received, Utilisation Certificate Pending.",2014,2019,16
Telangana,7,418,Shri A.P. Jithender Reddy,MAHABUBNAGAR,MAHBUBNAGAR,25,22.5,2.5,-2.27,2.5,1,2018-2019,29-03-2022,2.5,2 / 2018-2019,"Audit Certificate Pending, Eligible MPR not Received, Utilisation Certificate Pending.",2014,2019,16
Telangana,7,419,Shri Dayakar Pasunoori,WARANGEL(SC),Hanumakonda,20,17.5,2.5,-1.31,0.74,1,2018-2019,29-08-2019,2.5,2 / 2018-2019,,2014,2019,16
Telangana,7,420,Shri Bandaru Dattatreya,SECUNDERABAD,HYDERABAD,25,22.5,2.5,0.15,2.74,1,2018-2019,28-03-2022,2.5,2 / 2018-2019,"Audit Certificate Pending, Eligible MPR not Received, Utilisation Certificate Pending.",2014,2019,16
Telangana,7,421,Shri Ch. Malla Reddy,MALKAJGIRI,MEDCHAL MALKAJGIRI,25,17.5,7.5,-0.89,2.39,1,2017-2018,31-05-2019,2.5,"1 / 2018-2019,2 / 2018-2019,2 / 2017-2018","Audit Certificate Pending, Eligible MPR not Received, Utilisation Certificate Pending.",2014,2019,16
Telangana,7,422,Shri Asaduddin Owaisi,HYDERABAD,HYDERABAD,25,22.5,2.5,-1.43,5.18,1,2018-2019,25-05-2022,2.5,2 / 2018-2019,"Audit Certificate Pending, Eligible MPR not Received, Utilisation Certificate Pending.",2014,2019,16
Telangana,7,423,Shri Bheemrao Baswanthrao Patil,ZAHIRABAD,SANGAREDDY,25,22.5,2.5,-0.25,5.28,1,2018-2019,18-05-2022,2.5,2 / 2018-2019,"Audit Certificate Pending, Eligible MPR not Received, Utilisation Certificate Pending.",2014,2019,16
Telangana,7,424,Shri Nagesh Godam,ADILABAD(ST),ADILABAD,25,22.5,2.5,-1.96,5.02,1,2018-2019,30-06-2022,2.5,2 / 2018-2019,,2014,2019,16
Telangana,7,425,Shri Nandi Yellaiah,NAGARKURNOOL(SC),NAGARKURNOOL,25,25,0,-0.15,2.52,2,2018-2019,6/3/20,2.5,,,2014,2019,16
Telangana,7,426,Shri Konda Vishweshwar Reddy,CHELVELLA,RANGAREDDY,25,22.5,2.5,-0.65,4.92,2,2017-2018,29-03-2022,2.5,2 / 2018-2019,"Audit Certificate Pending, Eligible MPR not Received, Utilisation Certificate Pending.",2014,2019,16
Telangana,7,427,Shri Ponguleti Srinivasa Reddy,KHAMMAM,KHAMMAN,25,22.5,2.5,-1.15,5.02,2,2017-2018,7/6/22,2.5,2 / 2018-2019,"Audit Certificate Pending, Eligible MPR not Received, Utilisation Certificate Pending.",2014,2019,16
Telangana,7,428,Shri Kotha Prabhakar Reddy,MEDAK,SANGAREDDY,25,22.5,2.5,-1.46,5.07,1,2018-2019,30-06-2022,2.5,2 / 2018-2019,,2014,2019,16
Telangana,7,429,Shri Shri Balka Suman Suman,PEDDAPALLE,PEDDAPALLY,25,12.5,12.5,-7.34,0,1,2016-2017,15-01-2018,2.5,"1 / 2017-2018,1 / 2018-2019,2 / 2018-2019,2 / 2017-2018,2 / 2016-2017","Audit Certificate Pending, Eligible MPR not Received, Utilisation Certificate Pending.",2014,2019,16
Telangana,7,430,Shri Srihari Kadiyam,WARANGEL(SC),Hanumakonda,5,5,0,0.34,0,2,2014-2015,26-12-2014,2.5,,,2014,2019,16
Telangana,7,431,Shri Sukender Reddy Gutha,NALGONDA,NALGONDA,25,25,0,0.17,1.27,2,2018-2019,29-10-2019,2.5,,,2014,2019,16
Telangana,7,432,Shri Vinod Kumar Boianapalli,KARIMNAGAR,KARIMNAGAR,25,22.5,2.5,-1.12,5,2,2017-2018,7/6/22,2.5,2 / 2018-2019,"Audit Certificate Pending, Eligible MPR not Received, Utilisation Certificate Pending.",2014,2019,16
Telangana,7,433,Smt. Kavitha Kalvakuntla,NIZAMABAD,NIZAMABAD,25,22.5,2.5,-2.25,0.03,2,2017-2018,27-02-2020,2.5,2 / 2018-2019,"Audit Certificate Pending, Eligible MPR not Received, Utilisation Certificate Pending.",2014,2019,16
Tripura,7,434,Shri Jitendra Chaudhury,TRIPURA EAST(ST),DHALAI DISTRICT,37.5,20,17.5,2.28,5.11,1,2015-2016,15-01-2019,2.5,"1 / 2016-2017,1 / 2017-2018,1 / 2018-2019,2 / 2018-2019,2 / 2015-2016,2 / 2017-2018,2 / 2016-2017",,2014,2019,16
Tripura,7,435,Shri Sankar Prasad Datta,TRIPURA WEST,WEST TRIPURA,25,22.5,2.5,2.39,5,1,2018-2019,29-05-2019,2.5,2 / 2018-2019,,2014,2019,16
Uttar Pradesh,7,436,Begum Tabassum Hasan,KAIRANA,SHAMLI,5,2.5,2.5,0.24,0.36,1,2018-2019,4/12/18,2.5,2 / 2018-2019,,2014,2019,16
Uttar Pradesh,7,437,Dr. Sakshi Swami Maharaj,UNNAO,UNNAO,25,17.5,7.5,0.34,0.34,1,2017-2018,10/6/19,2.5,"1 / 2018-2019,2 / 2018-2019,2 / 2017-2018","Audit Certificate Pending, Eligible MPR not Received, Utilisation Certificate Pending.",2014,2019,16
Uttar Pradesh,7,438,Dr. Prof. Ram Shankar,AGRA(SC),AGRA,25,25,0,2.4,3.2,2,2018-2019,27-12-2018,2.5,,,2014,2019,16
Uttar Pradesh,7,439, Sadhvi Savitri Bai Phoole,BAHRAICH(SC),BAHRAICH,25,12.5,12.5,0.29,0.29,1,2016-2017,11/7/17,2.5,"1 / 2017-2018,1 / 2018-2019,2 / 2018-2019,2 / 2017-2018,2 / 2016-2017",,2014,2019,16
Uttar Pradesh,7,440,Shri Ashok Kumar Dohrey,ETAWAH(SC),AURAIYA,25,22.5,2.5,5.21,5.21,1,2018-2019,13-06-2022,2.5,2 / 2018-2019,,2014,2019,16
Uttar Pradesh,7,441, Niranjan Jyoti,FATEHPUR,FATEHPUR,25,25,0,-0.18,2.54,2,2018-2019,18-07-2019,2.5,,,2014,2019,16
Uttar Pradesh,7,442, Vijay Kumar Singh,GHAZIABAD,GHAZIABAD,25,25,0,1.6,1.79,2,2018-2019,29-01-2019,2.5,,,2014,2019,16
Uttar Pradesh,7,443,Dr. Krishn Pratap Singh,JAUNPUR,JAUNPUR,25,25,0,2.52,4.82,2,2018-2019,31-10-2019,2.5,,,2014,2019,16
Uttar Pradesh,7,444,Dr. Mahesh Sharma,GAUTAM BUDDHA NAGAR,GAUTAMBUDHNAGAR,25,25,0,2.54,4.99,2,2018-2019,8/7/19,2.5,,,2014,2019,16
Uttar Pradesh,7,445,Dr. Satya Pal Singh,BAGHPAT,BAGHPAT,25,25,0,1.28,1.6,2,2018-2019,29-10-2019,2.5,,,2014,2019,16
Uttar Pradesh,7,446,Dr. Yashwant Singh,NAGINA(SC),BIJNORE,25,25,0,0.01,0.45,2,2018-2019,30-08-2019,2.5,,,2014,2019,16
Uttar Pradesh,7,447,Shri Anshul Verma,HARDOI (SC),HARDOI,25,22.5,2.5,0.03,0.77,1,2018-2019,7/2/19,2.5,2 / 2018-2019,"Audit Certificate Pending, Eligible MPR not Received, Utilisation Certificate Pending.",2014,2019,16
Uttar Pradesh,7,448,Dr. Mahendra Nath Pandey,CHANDAULI,CHANDAULI,25,25,0,2.05,3.14,2,2018-2019,7/1/19,2.5,,,2014,2019,16
Uttar Pradesh,7,449,Dr. Murli Manohar Joshi,KANPUR,KANPUR NAGAR,25,25,0,0.34,0,2,2018-2019,23-10-2018,2.5,,,2014,2019,16
Uttar Pradesh,7,450,Dr. Sanjeev Kumar Balyan,MUZAFFARNAGAR,MUZAFFARNAGAR,25,25,0,0.37,0,2,2018-2019,17-09-2018,2.5,,,2014,2019,16
Uttar Pradesh,7,451,Shri Babulal Chaudhary,FATEHPUR SIKRI,AGRA,25,25,0,1.67,2.78,2,2018-2019,2/1/19,2.5,,,2014,2019,16
Uttar Pradesh,7,452, Uma Bharati,JHANSI,JHANSI,25,22.5,2.5,0.83,4.28,1,2018-2019,27-06-2019,2.5,2 / 2018-2019,,2014,2019,16
Uttar Pradesh,7,453,Dr. Nepal Singh,RAMPUR,RAMPUR,25,25,0,0.15,0.15,2,2018-2019,26-07-2018,2.5,,,2014,2019,16
Uttar Pradesh,7,454,Kunwar Pushpendra Singh Chandel,HAMIRPUR,MAHOBA,25,17.5,7.5,2.61,4.43,1,2017-2018,13-02-2019,2.5,"1 / 2018-2019,2 / 2018-2019,2 / 2017-2018",,2014,2019,16
Uttar Pradesh,7,455,Shri Devendra (Alias) Bhole Singh Singh,AKBARPUR,KANPUR NAGAR,25,25,0,0.25,0,2,2018-2019,23-10-2018,2.5,,,2014,2019,16
Uttar Pradesh,7,456,Shri Dharmendra Yadav,BADAUN,BUDAUN,25,17.5,7.5,3.23,5.42,1,2017-2018,15-01-2019,2.5,"1 / 2018-2019,2 / 2018-2019,2 / 2017-2018",,2014,2019,16
Uttar Pradesh,7,457,Shri Akshay Yadav,FIROZABAD,FIROZABAD,25,25,0,0.04,1.48,2,2018-2019,20-12-2019,2.5,,,2014,2019,16
Uttar Pradesh,7,458,Shri Brijbhushan Sharan Singh,KAISERGANJ,GONDA,22.5,22.5,0,0.42,0.42,1,2018-2019,13-02-2019,2.5,,Eligible MPR not Received.,2014,2019,16
Uttar Pradesh,7,459,Shri Bhairon Prasad Mishra,BANDA,CHITRAKOOT,25,22.5,2.5,0.26,2.05,1,2018-2019,22-11-2019,2.5,2 / 2018-2019,"Audit Certificate Pending, Eligible MPR not Received, Utilisation Certificate Pending.",2014,2019,16
Uttar Pradesh,7,460,Shri Bharat Singh,BALLIA,BALLIA,25,25,0,-0.26,4.28,2,2018-2019,31-07-2019,2.5,,,2014,2019,16
Uttar Pradesh,7,461,Shri Chhote lal,ROBERTSGANJ(SC),SONBHADRA,25,25,0,0.29,0.03,2,2018-2019,15-01-2019,2.5,,,2014,2019,16
Uttar Pradesh,7,462,Shri Feroze Varun Gandhi,SULTANPUR,SULTANPUR,25,25,0,1.24,1.24,2,2018-2019,25-01-2019,2.5,,,2014,2019,16
Uttar Pradesh,7,463,Shri Harish Dwivedi,BASTI,BASTI,25,25,0,-0.15,0.23,2,2018-2019,31-12-2019,2.5,,,2014,2019,16
Uttar Pradesh,7,464,Shri Ajay (Teni) Misra,KHERI,KHERI,25,25,0,0.06,0.16,2,2018-2019,29-01-2019,2.5,,,2014,2019,16
Uttar Pradesh,7,465,Shri Bharatendra Singh,BIJNOR,BIJNORE,25,25,0,0.22,0.68,2,2018-2019,4/9/19,2.5,,,2014,2019,16
Uttar Pradesh,7,466,Shri Daddan Mishra,SHRAWASTI,BALRAMPUR,25,25,0,0.63,0.69,2,2018-2019,30-03-2020,2.5,,,2014,2019,16
Uttar Pradesh,7,467,Shri Bhola Singh,BULANDSHAHR(SC),BULANDSHAHR,25,25,0,0.55,0.6,2,2018-2019,1/7/19,2.5,,,2014,2019,16
Uttar Pradesh,7,468,Shri Dharmendra Kumar,AONLA,BAREILLY,25,22.5,2.5,0.63,2.11,1,2018-2019,12/9/19,2.5,2 / 2018-2019,"Audit Certificate Pending, Eligible MPR not Received, Utilisation Certificate Pending.",2014,2019,16
Uttar Pradesh,7,469,Shri Hari Narayan Rajbhar,GHOSI,MAU,25,25,0,2.16,3.88,2,2018-2019,29-01-2019,2.5,,,2014,2019,16
Uttar Pradesh,7,470,Shri Hukum Singh,KAIRANA,SHAMLI,20,20,0,3.37,4.86,2,2017-2018,27-03-2018,2.5,,,2014,2019,16
Uttar Pradesh,7,471,Shri Bhanu Pratap Singh Verma,JALAUN(SC),JALAUN,25,17.5,7.5,-9.7,0.49,1,2017-2018,25-01-2019,2.5,"1 / 2018-2019,2 / 2018-2019,2 / 2017-2018",,2014,2019,16
Uttar Pradesh,7,472,Shri Hari Om Pandey,AMBEDKAR NAGAR,AMBEDKARNAGAR,25,25,0,0.11,0.49,2,2018-2019,13-02-2019,2.5,,,2014,2019,16
Uttar Pradesh,7,473,Shri Kunwar Sarvesh Kumar,MORADABAD,MORADABAD,25,25,0,2.87,4.93,2,2018-2019,25-01-2019,2.5,,,2014,2019,16
Uttar Pradesh,7,474,Shri Kamlesh Paswan,BANSGAON(SC),GORAKHPUR,25,25,0,2.37,2.66,2,2018-2019,25-03-2022,2.5,,,2014,2019,16
Uttar Pradesh,7,475,Shri Jagdambika Pal,DOMARIYAGANJ,SIDDHARTH NAGAR,25,25,0,0.04,0.1,2,2018-2019,19-02-2020,2.5,,,2014,2019,16
Uttar Pradesh,7,476,Shri Kalraj Mishra,DEORIA,DEORIA,25,22.5,2.5,-2.17,-0.31,1,2018-2019,20-11-2019,2.5,2 / 2018-2019,"Audit Certificate Pending, Eligible MPR not Received, Utilisation Certificate Pending.",2014,2019,16
Uttar Pradesh,7,477,Shri Mukesh Rajput,FARRUKHABAD,FARRUKHABAD,25,25,0,1.33,2.15,2,2018-2019,25-03-2022,2.5,,,2014,2019,16
Uttar Pradesh,7,478,Shri Narendra Modi,VARANASI,VARANASI,25,22.5,2.5,1.32,1.32,1,2018-2019,19-02-2020,2.5,2 / 2018-2019,"Bank Statement Awaited, Eligible MPR not Received, Utilisation Certificate Pending.",2014,2019,16
Uttar Pradesh,7,479,Shri Nagendra Pratap Singh Patel,PHULPUR,ALLAHABAD,5,5,0,2.55,4.27,2,2018-2019,25-01-2019,2.5,,,2014,2019,16
Uttar Pradesh,7,480,Shri Kirti Vardhan Singh,GONDA,GONDA,20,20,0,1.02,1.02,2,2017-2018,13-02-2019,2.5,,,2014,2019,16
Uttar Pradesh,7,481,Shri Mulayam Singh Yadav,AZAMGARH,AZAMGARH,25,25,0,2.64,3.58,2,2018-2019,31-07-2019,2.5,,,2014,2019,16
Uttar Pradesh,7,482,Shri Praveen Kumar Nishad,GORAKHPUR,GORAKHPUR,5,5,0,0.13,2.05,2,2018-2019,13-02-2019,2.5,,,2014,2019,16
Uttar Pradesh,7,483,Shri Rajesh Verma,SITAPUR,SITAPUR,25,25,0,0.05,0.05,2,2018-2019,4/12/18,2.5,,,2014,2019,16
Uttar Pradesh,7,484,Shri Rahul Gandhi,AMETHI,AMETHI,25,22.5,2.5,-0.83,0.38,1,2018-2019,17-07-2019,2.5,2 / 2018-2019,"Audit Certificate Pending, Eligible MPR not Received, Utilisation Certificate Pending.",2014,2019,16
Uttar Pradesh,7,485,Shri Rajesh Pandey,KUSHI NAGAR,KUSHINAGAR (Padrauna),25,25,0,2.63,3.52,2,2018-2019,15-01-2019,2.5,,,2014,2019,16
Uttar Pradesh,7,486,Shri Kaushal Kishore,MOHANLALGANJ(SC),LUCKNOW,25,25,0,0.06,4.17,2,2018-2019,29-01-2019,2.5,,,2014,2019,16
Uttar Pradesh,7,487,Shri Raghav Lakhanpal,SAHARANPUR,SAHARANPUR,25,25,0,-0.28,0.51,2,2018-2019,14-02-2019,2.5,,,2014,2019,16
Uttar Pradesh,7,488,Shri Rajendra Agrawal,MEERUT,MEERUT,25,25,0,0.73,0.73,2,2018-2019,1/2/19,2.5,,,2014,2019,16
Uttar Pradesh,7,489,Shri Rajveer (Raju Bhaiya) Singh,ETAH,ETAH,25,25,0,-0.26,-0.19,2,2018-2019,29-01-2019,2.5,,,2014,2019,16
Uttar Pradesh,7,490,Shri Kanwar Singh Tanwar,AMROHA,JYOTIBA PHOLENAGAR,25,25,0,0.34,0.98,2,2018-2019,31-07-2019,2.5,,,2014,2019,16
Uttar Pradesh,7,491,Shri Keshav Prasad Maurya,PHULPUR,ALLAHABAD,17.5,17.5,0,3.5,5.3,1,2017-2018,11/9/17,2.5,,,2014,2019,16
Uttar Pradesh,7,492,Shri Kunwar Haribansh Singh,PRATAPGARH,PRATAPGARH,25,25,0,0.2,1.97,2,2018-2019,13-06-2019,2.5,,,2014,2019,16
Uttar Pradesh,7,493,Shri Lallu Singh,FAIZABAD,FAIZABAD,25,25,0,0.74,0.74,2,2018-2019,18-06-2019,2.5,,,2014,2019,16
Uttar Pradesh,7,494,Shri Manoj Kumar Sinha,GHAZIPUR,GHAZIPUR,25,25,0,0.32,1.18,2,2018-2019,4/9/19,2.5,,,2014,2019,16
Uttar Pradesh,7,495,Shri Pankaj Chowdhary,MAHARAJGANJ,MAHRAJGANJ,25,25,0,2.65,4.92,2,2018-2019,13-02-2019,2.5,,,2014,2019,16
Uttar Pradesh,7,496,Shri Sharad Tripathi,SANT KABIR NAGAR,SANT KABIR NAGAR,25,25,0,2.84,4.71,2,2018-2019,13-09-2019,2.5,,,2014,2019,16
Uttar Pradesh,7,497,Shri Rajesh Kumar Diwakar,HATHRAS (SC),HATHRAS,25,25,0,0.64,2.95,2,2018-2019,27-06-2019,2.5,,,2014,2019,16
Uttar Pradesh,7,498,Shri Rajnath Singh,LUCKNOW,LUCKNOW,25,25,0,-0.04,3.87,2,2018-2019,29-01-2019,2.5,,,2014,2019,16
Uttar Pradesh,7,499,Shri Ram Charitra,MACHHLISHAHR(SC),JAUNPUR,25,25,0,0.04,3.94,2,2018-2019,20-11-2019,2.5,,,2014,2019,16
Uttar Pradesh,7,500,Shri Ravindra Kushawaha,SALEMPUR,DEORIA,25,25,0,2.55,4.47,2,2018-2019,12/9/19,2.5,,,2014,2019,16
Uttar Pradesh,7,501,Smt. Dimple Yadav,KANNAUJ,KANNAUJ,25,15,10,0.03,2.73,2,2016-2017,13-02-2019,2.5,"1 / 2017-2018,1 / 2018-2019,2 / 2018-2019,2 / 2017-2018","Bank Statement Awaited, Eligible MPR not Received, Provisional Utilisation Certificate Pending.",2014,2019,16
Uttar Pradesh,7,502,Smt. Maneka Sanjay Gandhi,PILIBHIT,PILIBHIT,25,25,0,-1.65,0.49,2,2018-2019,25-01-2019,2.5,,,2014,2019,16
Uttar Pradesh,7,503,Shri Virendra Singh,BHADOHI,Bhadohi,25,25,0,2.21,3.44,2,2018-2019,29-01-2019,2.5,,,2014,2019,16
Uttar Pradesh,7,504,Smt. Anupriya Patel,MIRZAPUR,MIRZAPUR,25,25,0,0.1,0.1,2,2018-2019,19-03-2020,2.5,,,2014,2019,16
Uttar Pradesh,7,505,Shri Santosh Kumar Gangwar,BAREILLY,BAREILLY,25,22.5,2.5,-2.22,0.19,1,2018-2019,4/9/19,2.5,2 / 2018-2019,,2014,2019,16
Uttar Pradesh,7,506,Shri Satish Kumar Gautam,ALIGARH,ALIGARH,25,25,0,0.03,0.07,2,2018-2019,2/1/19,2.5,,,2014,2019,16
Uttar Pradesh,7,507,Shri Shyama Charan Gupta,ALLAHABAD,ALLAHABAD,25,25,0,2.87,4.92,2,2018-2019,12/9/19,2.5,,,2014,2019,16
Uttar Pradesh,7,508,Smt. Rekha Arun Verma,DHAURAHRA,KHERI,25,25,0,0.14,0.41,2,2018-2019,25-01-2019,2.5,,,2014,2019,16
Uttar Pradesh,7,509,Shri Tej Pratap Singh Yadav,MAINPURI,MAINPURI,25,25,0,-0.33,1.03,2,2018-2019,23-10-2018,2.5,,,2014,2019,16
Uttar Pradesh,7,510,Smt. Neelam Sonker,LALGANJ (SC),AZAMGARH,25,25,0,2.58,4.98,2,2018-2019,21-12-2018,2.5,,,2014,2019,16
Uttar Pradesh,7,511,Smt. Sonia Gandhi,RAE BARELI,RAE BARELI,25,22.5,2.5,-2.27,0.6,1,2018-2019,21-08-2019,2.5,2 / 2018-2019,,2014,2019,16
Uttar Pradesh,7,512,Smt. Krishna Raj,SHAHJAHANPUR(SC),SHAHJAHANPUR,25,25,0,3.17,4.41,2,2018-2019,25-01-2019,2.5,,,2014,2019,16
Uttar Pradesh,7,513,Smt. Anju Bala,MISRIKH(SC),HARDOI,25,25,0,0,2.61,2,2018-2019,7/2/19,2.5,,,2014,2019,16
Uttar Pradesh,7,514,Shri Satya Pal Singh,SAMBHAL,BHIMNAGAR(Sambhal),25,25,0,3.14,4.71,2,2018-2019,1/2/19,2.5,,,2014,2019,16
Uttar Pradesh,7,515,Shri Yogi Adityanath,GORAKHPUR,GORAKHPUR,20,20,0,0.2,2.57,2,2017-2018,18-05-2022,2.5,,,2014,2019,16
Uttar Pradesh,7,516,Shri Vinod Kumar Sonkar,KAUSHAMBI(SC),KAUSHAMBI,25,25,0,0,1.57,2,2018-2019,4/9/19,2.5,,,2014,2019,16
Uttar Pradesh,7,517,Smt. Hema malini,MATHURA,MATHURA,25,25,0,-0.38,2.08,2,2018-2019,13-06-2019,2.5,,,2014,2019,16
Uttar Pradesh,7,518,Smt. Priyanka Singh Rawat,BARABANKI(SC),BARABANKI,25,22.5,2.5,2.29,3.17,1,2018-2019,22-03-2022,2.5,2 / 2018-2019,Utilisation Certificate Pending.,2014,2019,16
Uttarakhand,7,519,Dr. Ramesh Pokhriyal Nishank,HARDWAR,HARIDWAR,25,25,0,2.01,2.99,2,2018-2019,29-10-2019,2.5,,,2014,2019,16
Uttarakhand,7,520,Shri Ajay Tamta,ALMORA(SC),ALMORA,25,15,10,-9.8,2.08,2,2016-2017,12/9/19,2.5,"1 / 2017-2018,1 / 2018-2019,2 / 2018-2019,2 / 2017-2018","Bank Statement Awaited, Eligible MPR not Received, Provisional Utilisation Certificate Pending.",2014,2019,16
Uttarakhand,7,521, Bhuwan Chandra Khanduri AVSM,GARHWAL,PAURI GARHWAL,25,12.5,12.5,3.8,5.46,1,2016-2017,16-10-2018,2.5,"1 / 2017-2018,1 / 2018-2019,2 / 2018-2019,2 / 2017-2018,2 / 2016-2017",,2014,2019,16
Uttarakhand,7,522,Shri Bhagat Singh Koshyari,NAINITAL UDHAM SINGH NAG.,UDHAMSINGH NAGAR,25,22.5,2.5,-2.5,0.48,1,2018-2019,27-06-2019,2.5,2 / 2018-2019,,2014,2019,16
Uttarakhand,7,523,Smt. Mala Rajya Laxmi Shah,TEHRI GARHWAL,TEHRI GARHWAL,25,22.5,2.5,-2.31,0.33,1,2018-2019,10/10/19,2.5,2 / 2018-2019,"Eligible MPR not Received, Utilisation Certificate Pending.",2014,2019,16
West Bengal,7,524,Km. Arpita Ghosh,BALURGHAT,SOUTH DINAJPUR,25,25,0,0.21,0.21,2,2018-2019,24-08-2018,2.5,,,2014,2019,16
West Bengal,7,525,Prof. Saugata Roy,DUM DUM,NORTH TWENTY FOUR PARGANAS,25,25,0,0.86,1.77,2,2018-2019,17-09-2018,2.5,,,2014,2019,16
West Bengal,7,526,Dr. (Smt.) Ratna De(Nag),HOOGHLY,HOOGHLY,25,25,0,-0.74,0.02,2,2018-2019,20-09-2018,2.5,,,2014,2019,16
West Bengal,7,527,Dr. Uma Saren,JHARGRAM(ST),PASCHIMI MEDINIPUR,25,10,15,4.34,1.09,2,2015-2016,3/5/17,2.5,"1 / 2016-2017,1 / 2017-2018,1 / 2018-2019,2 / 2018-2019,2 / 2017-2018,2 / 2016-2017","Eligible MPR not Received, Provisional Utilisation Certificate Pending.",2014,2019,16
West Bengal,7,528,Late. Kapil Krishna Thakur,BANGAON(SC),NORTH TWENTY FOUR PARGANAS,2.5,2.5,0,2.59,0,1,2014-2015,23-09-2014,2.5,,,2014,2019,16
West Bengal,7,529,Dr. (Smt.) Kakoli Ghosh Dastidar,BARASAT,NORTH TWENTY FOUR PARGANAS,25,25,0,-0.12,0.6,2,2018-2019,29-08-2018,2.5,,,2014,2019,16
West Bengal,7,530,Dr. Anupam Hazra,BOLPUR(SC),BIRBHUM,25,12.5,12.5,2.48,2.63,1,2016-2017,10/8/18,2.5,"1 / 2017-2018,1 / 2018-2019,2 / 2018-2019,2 / 2017-2018,2 / 2016-2017",,2014,2019,16
West Bengal,7,531,Dr. Tapas Mandal,RANAGHAT(SC),NADIA,25,22.5,2.5,0.38,0.85,1,2018-2019,3/1/19,2.5,2 / 2018-2019,,2014,2019,16
West Bengal,7,532,Shri Abu Hasem Khan Choudhury,MALDAHA DAKSHIN,MALDA,27.5,20,7.5,0.87,2.89,1,2017-2018,22-03-2022,2.5,"1 / 2018-2019,2 / 2018-2019,2 / 2017-2018",,2014,2019,16
West Bengal,7,533,Shri Adhir Ranjan Chowdhury,BAHARAMPUR,MURSHIDABAD,25,12.5,12.5,2.42,2.96,1,2016-2017,1/7/19,2.5,"1 / 2017-2018,1 / 2018-2019,2 / 2018-2019,2 / 2017-2018,2 / 2016-2017","Audit Certificate Pending, Eligible MPR not Received, Utilisation Certificate Pending.",2014,2019,16
West Bengal,7,534,Dr.(Smt.) Mamtaz Sanghamita,BARDHAMAN-DURGAPUR,BURDWAN,25,22.5,2.5,1.21,3.21,1,2018-2019,1/10/19,2.5,2 / 2018-2019,"Audit Certificate Pending, Eligible MPR not Received, Utilisation Certificate Pending.",2014,2019,16
West Bengal,7,535,Dr. Mriganka Mahato,PURULIA,PURULIA,25,25,0,-1.12,0.09,2,2018-2019,29-01-2019,2.5,,,2014,2019,16
West Bengal,7,536,Shri Abhishek Banerjee,DIAMOND HARBOUR,SOUTH TWENTY FOUR PARGANAS,25,25,0,0.09,3.85,2,2018-2019,30-03-2020,2.5,,,2014,2019,16
West Bengal,7,537, Sugata Bose,JADAVPUR,SOUTH TWENTY FOUR PARGANAS,27.5,20,7.5,-6.96,1.41,1,2017-2018,16-08-2018,2.5,"1 / 2018-2019,2 / 2018-2019,2 / 2017-2018","Audit Certificate Pending, Eligible MPR not Received, Utilisation Certificate Pending.",2014,2019,16
West Bengal,7,538,Shri Abhijit Mukherjee,JANGIPUR,MURSHIDABAD,25,12.5,12.5,-0.25,0.46,1,2016-2017,26-07-2018,2.5,"1 / 2017-2018,1 / 2018-2019,2 / 2018-2019,2 / 2017-2018,2 / 2016-2017","Audit Certificate Pending, Eligible MPR not Received, Utilisation Certificate Pending.",2014,2019,16
West Bengal,7,539,Shri Babul Supriya (Babul Supriyo) Baral,ASANSOL,BURDWAN,25,20,5,-6.01,3.67,2,2017-2018,24-02-2022,2.5,"1 / 2018-2019,2 / 2018-2019","Eligible MPR not Received, Provisional Utilisation Certificate Pending.",2014,2019,16
West Bengal,7,540,Shri Bijoy Chandra Barman,JALPAIGURI(SC),JALPAIGURI,25,20,5,0.81,1.38,2,2017-2018,29-01-2019,2.5,"1 / 2018-2019,2 / 2018-2019","Eligible MPR not Received, Provisional Utilisation Certificate Pending.",2014,2019,16
West Bengal,7,541,Shri Choudhury Mohan Jatua,MATHURAPUR(SC),SOUTH TWENTY FOUR PARGANAS,25,25,0,0.11,1.92,2,2018-2019,30-03-2020,2.5,,,2014,2019,16
West Bengal,7,542,Shri Dasrath Tirkey,ALIPURDUARS(ST),ALIPURDUAR,25,25,0,0.3,1.23,2,2018-2019,31-12-2019,2.5,,,2014,2019,16
West Bengal,7,543,Shri Deepak (Dev) Adhikari,GHATAL,PASCHIMI MEDINIPUR,25,20,5,-5.3,0.22,2,2017-2018,27-06-2019,2.5,"1 / 2018-2019,2 / 2018-2019","Eligible MPR not Received, Provisional Utilisation Certificate Pending.",2014,2019,16
West Bengal,7,544,Shri Dinesh Trivedi,BARRACKPUR,NORTH TWENTY FOUR PARGANAS,25,25,0,-0.23,0.2,2,2018-2019,17-09-2018,2.5,,,2014,2019,16
West Bengal,7,545,Shri Dibyendu Adhikari,TAMLUK,PURBA MEDINIPUR,12.5,12.5,0,0,0,2,2018-2019,1/2/19,2.5,,,2014,2019,16
West Bengal,7,546,Shri Idris Ali,BASIRHAT,NORTH TWENTY FOUR PARGANAS,25,25,0,-0.06,0.16,2,2018-2019,17-09-2018,2.5,,,2014,2019,16
West Bengal,7,547,Shri Kalyan Banerjee,SREERAMPUR,HOOGHLY,25,25,0,0,0,2,2018-2019,9/11/18,2.5,,,2014,2019,16
West Bengal,7,548,Shri Khan Saumitra,BISHNUPUR(SC),BANKURA,25,17.5,7.5,0.04,1.02,1,2017-2018,9/10/18,2.5,"1 / 2018-2019,2 / 2018-2019,2 / 2017-2018",,2014,2019,16
West Bengal,7,549,Shri Mohammad Salim,RAIGANJ,NORTH DINAJPUR,25,20,5,-0.83,0.36,2,2017-2018,2/12/19,2.5,"1 / 2018-2019,2 / 2018-2019",,2014,2019,16
West Bengal,7,550,Shri Md. Badaruddoza Khan,MURSHIDABAD,MURSHIDABAD,25,12.5,12.5,-0.07,1.22,1,2016-2017,16-08-2018,2.5,"1 / 2017-2018,1 / 2018-2019,2 / 2018-2019,2 / 2017-2018,2 / 2016-2017",,2014,2019,16
West Bengal,7,551,Shri Partha Pratim Ray,COOCHBEHAR(SC),COOCH BEHAR,15,10,5,0.15,0.41,2,2017-2018,8/2/19,2.5,"1 / 2018-2019,2 / 2018-2019",,2014,2019,16
West Bengal,7,552,Shri Prasun Banerjee,HOWRAH,HOWRAH,25,25,0,0.3,0.59,2,2018-2019,1/2/19,2.5,,,2014,2019,16
West Bengal,7,553,Shri Sultan Ahmed,ULUBERIA,HOWRAH,17.5,17.5,0,0.86,0,1,2017-2018,9/5/17,2.5,,,2014,2019,16
West Bengal,7,554,Shri Sunil Kumar Mondal,BARDHAMAN PURBA(SC),BURDWAN,25,25,0,0.21,2.27,2,2018-2019,17-02-2022,2.5,,,2014,2019,16
West Bengal,7,555,Shri Suvendu Adhikari,TAMLUK,PURBA MEDINIPUR,12.5,12.5,0,0,0,1,2016-2017,19-07-2016,2.5,,,2014,2019,16
West Bengal,7,556,Shri S.S. Ahluwalia,DARJEELING,DARJEELING,25,10,15,2.21,3.46,2,2015-2016,26-12-2018,2.5,"1 / 2016-2017,1 / 2017-2018,1 / 2018-2019,2 / 2018-2019,2 / 2017-2018,2 / 2016-2017","Eligible MPR not Received, Provisional Utilisation Certificate Pending.",2014,2019,16
West Bengal,7,557,Shri Sisir Kumar Adhikari,KANTHI,PURBA MEDINIPUR,25,25,0,0,0,2,2018-2019,4/1/19,2.5,,,2014,2019,16
West Bengal,7,558,Smt. Aparupa Poddar,ARAMBAG(SC),HOOGHLY,25,25,0,-0.29,0,2,2018-2019,17-10-2018,2.5,,,2014,2019,16
West Bengal,7,559,Shri Subrata Bakshi,KOLKATA DAKSHIN,KOLKATA,25,25,0,-0.12,2.69,2,2018-2019,30-03-2020,2.5,,,2014,2019,16
West Bengal,7,560,Smt Sajda Ahmed,ULUBERIA,HOWRAH,7.5,7.5,0,0.32,0.36,2,2018-2019,4/2/19,2.5,,,2014,2019,16
West Bengal,7,561,Shri Sudip Bandyopadhyay,KOLKATA UTTAR,KOLKATA,25,25,0,0.35,2.73,2,2018-2019,30-03-2020,2.5,,,2014,2019,16
West Bengal,7,562,Smt. Dev (Moon Moon Sen) Varma,BANKURA,BANKURA,25,25,0,-1.13,0.83,2,2018-2019,18-06-2019,2.5,,,2014,2019,16
West Bengal,7,563,Smt. Mausam Noor,MALDAHA UTTAR,MALDA,27.5,20,7.5,-6.55,0.64,1,2017-2018,21-03-2022,2.5,"1 / 2018-2019,2 / 2018-2019,2 / 2017-2018",,2014,2019,16
West Bengal,7,564,Shri Tapas Paul,KRISHNANAGAR,NADIA,25,22.5,2.5,0.18,0.42,1,2018-2019,25-06-2019,2.5,2 / 2018-2019,,2014,2019,16
West Bengal,7,565,Smt. Sandhya Roy,MEDINIPUR,PASCHIMI MEDINIPUR,25,25,0,-1.47,0.32,2,2018-2019,14-12-2018,2.5,,,2014,2019,16
West Bengal,7,566,Smt. Pratima Mondal,JOYNAGAR(SC),SOUTH TWENTY FOUR PARGANAS,25,25,0,0.4,2.15,2,2018-2019,20-12-2019,2.5,,,2014,2019,16
West Bengal,7,567,Smt. Renuka Sinha,COOCHBEHAR(SC),COOCH BEHAR,10,10,0,0.37,0.42,2,2015-2016,22-07-2016,2.5,,,2014,2019,16
West Bengal,7,568,Smt. Satabdi Roy (Banerjee),BIRBHUM,BIRBHUM,25,25,0,0.05,0.25,2,2018-2019,9/11/18,2.5,,,2014,2019,16
West Bengal,7,569,Smt Mamata Thakur,BANGAON(SC),NORTH TWENTY FOUR PARGANAS,22.5,22.5,0,-0.11,0.49,2,2018-2019,27-09-2018,2.5,,,2014,2019,16